index,comments,score
0,外形外观：漂亮完美，外观硬朗，很喜欢\n屏幕音效：屏幕完美，显示特别清晰，色彩艳丽，看了这块屏幕，再看其他手机的屏幕瞬间失色\n拍照效果：拍照很好，对焦快，随手一拍都是样片\n运行速度：运行速度快，流畅，跟手，指哪打哪\n待机时间：足够一天使用了\n包装完好，送货速度快，点赞,5
0,从2012年开始入手三星的NOTE3，到三星的NOTE8系列手机，再到现在2022年购买的三星Galaxy Note 20Ultra，使用整整十年的三星NOTE系列手机，使用有感情，听说三星Galaxy Note 20Ultra是NOTE系列的绝版，有点可惜，所以必须要好好珍藏， Galaxy Note 20Ultra国行 全面屏，很震撼，显示效果非常不错，支持120Hz刷效率，体验流畅，相机最高支持50倍变焦，整体机身很轻薄，4500毫安大电池，用一天没问题，充电速度也还不错，随机赠送的25瓦充电器，效果还是不错的，送的AKG耳机，效果非常不错的，本人非常的喜欢。,5
0,第一眼便是猛烈地关注出厂日期！\n我只能感叹：商家良心了！十一月买到十月生产的机子，新鲜、热辣！感谢了！\n\n紧接着映入眼帘的便是图一那个&ldquo;小圆胶球串串&rdquo;，乍一看以为三星赐我一根成人用品关怀用户，仔细研之&hellip;&hellip;原来我误会了，是耳机不同尺寸的备用胶套，足为厂家的贴心与周道。\n\n从三星A7开始便被其优于其他品牌的优良品质和稳定性捕获了来自我奉献的用户忠诚。随着生活水平的提高，要用就用好品牌中的顶级机型，于是笃定节食省钱，愣是把当年机皇Note9拿下！之后的故事里主角全是三星Note家族机型。\n\n当今时代鹤立鸡群的顶级屏幕+绝佳拍摄实力+卓越运行性能+上乘做工品质+强劲品牌号召力，是我依然拥护三星Note系列手机的原动力！\n\n在三星助力工作、生活、交际、学习、娱乐的日与夜里：\n\n色彩明艳，显示高清的巨（屏）幕，让我无论观看电影还是新闻视频都拥有沉浸式的视觉享受（横向全屏）！随环境光度自动调节亮度的贴心功能再有防蓝光护眼的开启，一同爱护用户眼睛健康的同时节能续航。除此之外对高清图照的细节呈现亦诚实彻底。屏幕，就是这款三星旗舰的最主打，也是她长年征战手机市场，豪夺帅印的杀手锏！\n\n摄像头，是她第二把利,5
0,刃！广角、光学防抖、亿级分辨率、多倍变焦、充足闪光度、感应器&hellip;&hellip;一樽诚意满满的拍摄武器牢牢地嵌在细薄的机身里，时刻听候着用户主人的随时调配出动，此乃记录美好生活之得力助手！事实上，最见功力之处是夜景拍摄实效，敢与水果叫板试比高！底气满满！信心十足！\n性能让用者难以挑剔，即使不是骁龙888也足以媲美之的实际运行效果。点开软件到完成操作，如果慢了那是动作实施者的思考与判断和选择需要时间，机子的闪电般响应和运行告诉你：&ldquo;你只需要问清楚自己想要干什么，其他的尽管交给我，不容质疑我的效率喔！&rdquo;\n做工、品质、外观一齐讲。无可挑剔的细节做工，美仑美奂的大气外观，十年如一日地稳定牢靠品质！犹如摩托车界的本田、汽车界的奥迪&hellip;&hellip;注重内在品质和外在观感的内外兼修！拿起来不愿释手；看起来舒心；用起来安心。这不仅是一款手机，还是一樽结晶着人类智慧的艺术品！\n品牌之号召。一个品牌从出生就高耸手机品牌之林，至今仍然一如既往地引领手机潮流，永不止步地创新，这本原来就是现象级的传奇！科技、创新、品质、时尚&hellip;&hellip;一系列光辉特质聚集一身让三星这个手机品牌广泛、深远地获得人心，她的号召之力！\n我的感受如是，那么你的呢？,5
0,非常非常满意，本来拍了mate40pro的，想了一下午，还是买了note。特意选的黑色，整体感非常强，打开包装确实惊艳，屏幕性能简直就是宇宙最强！还没下手的亲，抓住机会哦，现在的价格很便宜哦！估计清完货，就没了！,5
0,外形外观：刚硬俊朗的外形，很是讨人喜欢。\n屏幕音效：屏幕显示清晰细腻，字体锐利，亮度很好。\n拍照效果：非常好，我很喜欢\n运行速度：日常用绰绰有余\n待机时间：新机有待观察\n其他特色：整体性能外观非常均衡。,5
0,能在2022年初选择购买了20年底发售的note20u自然是有非常多的考虑了。从s8到s10＋再到note20u，入坑三星不知不觉已经有五年时间了。\n外形外观：note20u的设计具有很大的前卫度，3k屏幕和120赫兹高刷配上6.9超级mled屏幕真的吊打22年目前的许多旗舰手机!\n屏幕音效：双扬声器加上杜比音效，三款三星旗舰的外放效果好毫不夸张的说不输市面上的小型音响。\n拍照效果：50倍的变焦，1亿像素主镜头，真的可以当望远镜去使用，任何拍照场景都没有大问题，相比之前1200w像素有了极大的提升。\n运行速度：骁龙865＋搭配12gb运存不输888发热旗舰，甚至更加的省电，不用担心卡顿等问题。\n其他特色：note系列搭配的spen也是在相比较苹果12pro后选择购买这款手机的原因，在手机市场千篇一律的外观和性能堆砌的情况下，s pen内置笔在给你带来乐趣的同时，也让手机充满了与众不同!\n下一个五年，期待三星，相伴三星!,5
0,用了一个月给我整体感受非常不错，外观辨识度很高，颜值符合我的审美，材质顺滑不留指纹，屏幕显示真的很好，声效也还可以，spen简直太好用了，机身很薄，质感很好，夜间拍照效果令人惊讶。优点很多，绝对是值得入手！\n缺点嘛，就是掉电太快，对于手机依赖症和电量焦虑症患者不太友好，中度使用一天充电一到两次。手机尺寸略大，单手不便操作，女生慎选！,5
0,当我收到手机开箱那一瞬间就惊呼：&ldquo;哇塞，这是什么神仙颜色！&rdquo;我之前常用的就是红色、黑色或者绿色的手机，而note20 Ultra迷雾金色真的一下子就抓住了我的心，就像女孩子面对各种眼影盘一样无法抗拒。优质的中性色调，时尚经典。简约设计下，低调的雾面光泽惊艳奢华，还增加了金属边框，低调的高级感从细节处呈现！爱了爱了！这款手机无愧是颜值控的收割机，除了颜值之外，三星的屏幕也超级惊艳的，妥妥的业内第一。另外还有1.081像素。AI一键多拍，专业视频拍摄，这不就是为爱美的我而生的嘛，嘿嘿！,5
0,总体很满意，运行速度很快，充电也很快，上网也很快，解锁也快，屏幕分辨率较高，摄像头效果也不错，很满意，美中不足的是手机整体厚度较厚，不过手机都是越来越费电，现在的手机没有特别薄的了。原包装还带耳机和硅胶套。,5
1,外形外观：很漂亮，对比了小米，华为，苹果，还是没这款好看 一眼就喜欢上了\n屏幕音效：很清爽\n拍照效果：比苹果好的了\n运行速度：很快,5
1,本人使用了好几代的note系列了，这是可能是最后一代，手机确实太大了，比我的小note***很多，单手操作根本实现不了，屏幕完美，照相完美，性能完全够用，值得购买，官方的原机膜要是有卖的就更好了。,5
1,作为一个资深的三星粉丝，对三星旗舰机有着无比信任感，刚刚发售的note20Ultra，你迫不及待入手了，我选择的是迷雾金配色，算是标志性配色了，它带有一些微妙的奢华感，却像是从迷雾中溜出几分潇洒，雾面的质感时尚经典，跟我气质很搭。搭载的高通骁龙最新的旗舰处理器865+，拥有超高速5G和WLAN优化器，配合第2代6.9英寸动态AMOLED屏幕，玩游戏的畅快感是其他手机不能比拟，这也是我热衷三星原因之一。另外还有超级加速充电技术，4500毫安的电池，30分钟即可充电超过50%，这续航力可以无忧尽情畅玩了！,5
1,三星Galaxy Note 20Ultra 国行\n全面屏，很震撼，显示效果非常不错，支持120Hz刷效率，体验流畅，相机最高支持50倍变焦，整体机身很轻薄，4500毫安大电池，用一天没问题，充电速度也还不错，随机赠送的25瓦充电器，效果还是不错的，送的AKG耳机，效果非常不错的！,5
1,外形外观：外形外观：本来以为6.9的屏幕会很大，拿在手里手感非常好， \n屏幕音效：屏幕绝对一流，\n拍照效果：拍照还可以\n运行速度：不玩游戏，速度没有要求，应该够用了\n待机时间：一天是没有问题，\n其他特色：从note10开始看三星，现在终于买了，说实话屏下子纹虽然技术高，其实还没有原来的iQOO锁屏键上带子纹好用，软件也不怎么样，买三星就是屏幕和做工也值了，手写笔看着很酷，也没有什么用，可能还不会这样的功能。也很满意。,5
1,很漂亮，不愧是机皇，尤其是屏幕显示效果顶级手感也很好喜欢曲面屏的可以下手，价格也合适，再不买就要停产了！,5
1,手机非常好，我是夜晚12点多下单的，早上10点快递员就打电话了。真快啊。绝对正品，非常好用。因为我有一个S20u所以导入资料很方便，根据提示，连好数据线10多分钟就全部导入和设置完成,5
1,太漂亮了，用三星手机?，不用讲，肯定是奔着它的质量来的。凡是买高档的三星手机，都是用过才买的。所以说，只说一句，我买啦。,5
1,一直都在用三星的手机，之前把三星note8作为主力机，A9s作为备用机，已经用了三年，本来想这两款手机还能担当，但是note8不小心摔坏屏幕一角，于是觉得换一部主力机，挑选过来感觉三星note20U很合适，很喜欢note方正稳重的外形，三星手机的外表颜值很高，屏幕更是毋庸置疑，很快下单，京东发货一如既往地快，通过在三星官网上查询激活日期，表明是新手机，而且是2022年3月越南生产，新手机的系统和性能也是自己所熟悉，上手很快，通过S助手很快就把之前手机的所有传送到新手机了，不错的手机,5
1,从s10+升到note20u，S10+用了两年多了，它经历了它不应该经历的，是时候退休了！颜值这块非常喜欢，方方正正的，给人刚硬的感觉屏幕一直是买手机的首选项，三星在做屏幕这方面确实很厉害，SPEN 才是 note 系列的精髓，这次换一下 N 系感受一下865p 的处理器配合12+256用起来非常流畅，也没有发热严重情况发生电池只要不玩游戏，目前一天一冲没问题随手机带充电器、数据线、耳机、保护壳相对来说还算良心,5
2,12月份出厂，崭新的很。屏幕很大，非常艳丽，方方正正，完全满足我的审美，速度飞快。真是费电啊。关掉了5G，手机设成普通刷新率，省电模式，不玩游戏，不怎么看视频，中度使用，最多16个小时。,5
2,手机已购买一个星期多，没发现什么不良问题。作的三星的忠诚用户，从用三星note2到3然后到4再到三星s10+和note9。现在购买note20ultra采用高通865＋处理器，12G的内存，在有5G网络下使用，流畅超快。2K屏的分辨率，6.9寸的大屏，4500mah的电池，重度使用能够一天，属正常现象。拍照效果离4米的8寸屏幕的数字拍照测试一下对比，比三星s20ulera和苹果12promax拍照出来的图片字数要清晰，拍照效果特别强。其他的三星强项解锁指母、人脸还有音效，特别是那支其特的手写笔就不多说了。总之三星note20ultr是最强的手机性价比高，21大贵。,5
2,资深水果人，但是早一年前就想买它了，我是既害怕买三星又很爱它的颜（好吧我是颜控），9年前买了人生第一个三星&mdash;&mdash;note3，塑料感让我使用了一个月就劝退了；之后又是s6eg那是我用的最久的一次，第一次感受到双曲面屏的视觉冲击感，感受到了啥叫夜拍！！最近几天看评测又勾起我的购买欲望；看了各种评测做足了功课才打算下手的；优势与劣势都很清楚，还是耐不住颜值！！（好吧，我真的是个颜控）四四方方真的是这个充满圆角世界的直角&ldquo;异类&rdquo;直接戳中了我的全部审美！买来给它的定义就是用来当备用机的，上手以后手感真的超棒！！比我常用的13promax轻了不少！！！太顺手了！！865+目前觉得没啥大问题！总结：oneui可能没你想象的那么好那么全面好，毕竟国内大厂深度挖掘国人喜好定制的UI真的一个比一个牛！一个比一个讨喜！但是我觉得oneUI很干净，至少系统自带广告真的很少。spen是我记账小工具，有很大提升！！非常跟手！！有它才叫NOTE\n外形外观：圆角世界的直角&ldquo;异类&rdquo;\n屏幕音效：屏幕无敌（除了不能120HZ，2K同开）\n拍照效果：中规中矩\n运行速度：12G，oneUI4.0有给了4g虚拟运存\n待机时间：当备用机使用时间不多，还不错，没有重度使用。,5
2,屏幕音效：屏幕没话说，都知道三星的屏幕非常nice，质感完全碾压部分机型，不点名以示尊重，\n拍照效果：目前拍照的像素感觉不太清晰，不知道是不是自己不会调，反正录视频UHD 和FHD都非常的不错\n运行速度：12GB的运行内存，我每次查看都是3GB不知道是不是自己没找对位置哈哈\n外形外观：我选择的迷雾金，因为看起来非常有质感，有高级感\n，我是从iPhone12转入三星的，因为之前用过三星 所以还是选择三星，我买东西跟爱国情怀是分开，追求性价比，不要被道德绑架，毕竟钱是自己的，选择权也是由自己决定。,5
2,照相方面比之前买的s20u强不少呢，电池也很给力，高度使用也能坚持坚持一天，后盖换成铝合金材质、比玻璃材质实用性要高很多。手写笔也很方便，一如既往的、三星note系列确实比s系列玩着爽，屏幕也大一些。,5
2,note20设计的很漂觉的，轻薄的外形，拿在手上很舒服的，中间打孔屏幕比较好看，本人喜欢中间打孔的手机，还有微微曲的屏幕看着舒服，三星屏幕真的是特别特别好，眼睛看着很舒服的，对三星的屏幕特别满意。双扬声器很nice对这款手机拍照还是比较满意的，对焦速度很快的，就是光学变焦再大点就更好了，手机运行速度很快的，手机很流畅的待机时间还可以的，还有分屏功能很实用的，可以在一个屏幕上打开几个APP对此特别满意。,5
2,手机收到用了几天才来评价的，这款手机我关注几个月了，年前不是疫情应响，年前都入手了，手机用了几天没让我失望，特别是屏幕细腻，清晰度那是真高，还有超高的像素，系统还算流畅，还有更炫酷的功能，总的来说是一款很不错的产品，更有快递小哥的热情服务衬托着，更快的自家物流。,5
2,连续用了两代苹果，已毫无新鲜感，是时候换部三星体验一下全新的感觉了，工业设计一流，外观硬朗大气，绝对符合我的审美，很久没用过安卓系统了希望软件不会让我失望。,5
2,外形外观：非常不错，可以好好折腾一段时间\n屏幕音效：很喜欢，喜欢好久了，终于买了\n拍照效果：前摄像头自带美颜磨皮，大老爷们用的挺不习惯的，拍照是真的清晰啊。真心不错\n运行速度：非常快，比起我的旧手机真的没的说\n待机时间：非常省电，到下午还有70%这个是我比较满意的\n其他特色：赠送的耳机很帅，两个腰子一样。哈哈哈哈。音质不错,5
2,外形外观：外观设计非常大气上档次\n屏幕音效：音效非常棒哦\n拍照效果：三星手机的拍照不用说非常完美哦\n运行速度：速度杠杠滴\n待机时间：待机一天没有问题\n买来当作备用机的，非常喜欢，屏幕比之前的N10好多了！拍照一流，屏幕顶级，不愧是机皇。京东的快递小哥非常的给力呀。京东商城网购就是放心啊！非常满意哦。,5
3,三星忠实粉，关注这款机型很久了，活动价直接入手。运行速度快，拍照效果杠杠的，不愧是旗舰机皇芯，充满电待机一天时间还是不错的。,5
3,外形外观：真的是很可以的一款手机，外形简直太帅了呢\n屏幕音效：屏幕没得说，高刷很流畅\n拍照效果：拍照很不错的，录视频的8k也很新颖\n运行速度：那太快了，无卡顿\n待机时间：一天重度使用的话，冲两次吧\n其他特色：外形太帅了，note的外形太吸引我了。还有很多特色，待我慢慢发现吧,5
3,外形外观：外观很酷炫，尤其是手机的正面，屏幕方正又等窄，光滑又细腻。后部的摄像头也很有质感，在各种光影环境下看起来用起来都很棒。\n屏幕音效：用这个听音乐，声音灵动而悦耳，环绕感比较强烈。\n拍照效果：拍照效果本就是这款手机的一大杀器，使用起来果然如此，分辨率高，滤镜多样，还可以大倍率拉近。\n运行速度：速度快，其UI设计也很便捷灵巧，比如多屏操作或者APP间的快速切换。,5
3,外形外观：方方正正，屏幕超级大，用着非常舒服，而且质感非常的强\n屏幕音效：屏幕没的说，三星的屏幕确实是不错的\n拍照效果：拍照清晰，离得远也能拍的清，但是微距拍的不行，不清晰\n运行速度：速度丝滑，很快，不卡。\n待机时间：我一天充三次\n其他特色：笔很有特色,5
3,外形外观：颜值无敌\n屏幕音效：屏幕触感很好，120Hz高刷用完就回不去了\n拍照效果：效果给力，1亿像素\n运行速度：丝滑感受,5
3,外形外观：外观方正，两侧屏幕曲线\n屏幕音效：屏幕显示很好，色彩鲜艳，\n拍照效果：拍照很好，晚上也很好\n运行速度：运行速度很快，系统流畅，12G的运行空间\n待机时间：待机中规中矩，正常使用一天也差不多\n其他特色：刚拿到手机真的大，使用一会在用别的手机感觉像是玩具，但是屏幕显示是真的爽，用过就不想用别的手机了，为什么滑动屏幕两侧没有返回功能呢？希望三星能解决一下,5
3,电确实掉的快，颜值也是真的好高，距离我上次用三星s8+已经好久了，这是我的第三个三星手机。用了别的品牌之后，再看三星，有点受不了它的高饱和度了，好在还可以调成自然模式，会不那么刺眼。还有拍照也没有想象中清晰，感觉糊。不过颜值真是太高了，我太喜欢了，这个金色和我想象中不一样，是暗粉金色，很有质感很高级啦~图二是室内有阳光拍的，图三是晚上室内灯照拍的。特别强调，原厂膜真的很好用，几乎不粘指纹，很丝滑，很贴合！千万别撕！还有就是原厂壳好用，正面高于屏幕背面高于摄像头，保护性贼强！,5
3,从note8换到note20。是note的忠粉！最新的865+处理器，一流的摄像头，一直在线的颜值，都是我入手的核心点。\n我选的迷雾金，很骚气！暗光下沉稳气息，日光下又沙金色彩。外壳磨砂玻璃手感很棒，也相对于黑白色更防指纹，颜值超能打。白色和黑色其实也可以，就看个人喜好。\n运行速度快，屏幕大，加上高灵敏的触控，非常优秀。就是摄像头是真的激凸，戴上壳之后还是不平。,5
3,手机非常好用     对比13p已经喜欢上用s20u了。手感好，屏幕通透，舒服快！\n运行速度：不玩游戏很快\n拍照效果：非常不错\n外形外观：手感好\n屏幕音效：通透,5
3,外形外观：很有质感的磨砂背面，玫瑰金高大上。摸起来有沙沙的磨砂声，感觉很棒。圆弧的四周和超大的屏幕。没有home键。\n屏幕音效：影响应该是在手机的圆弧屏幕四周。循环效果很立体。\n拍照效果：超过2亿的相机技术。拍照很清晰。但目前还没有研究明白更多技术拍照的方法\n其他特色：手感很好。大小适中,5
4,外形外观：漂亮，特别是正面的屏幕惊艳。就是后摄像头突出太多了，我是对拍张要求不高，如果摄像头模组做平的话，我给满分。\n屏幕音效：屏幕太高了，看了很舒服，音响还行吧，声音挺大的。\n拍照效果：对拍照没什么要求，感觉还行。\n运行速度：速度太快了，特别是高刷。\n待机时间：挺满意的，一天一冲。以前用过s4，s7，n3。都是电池不耐用，所以好几年没买三星手机了，这次看这个机器颜值实在是喜欢，价格也合适，几天忍不住入手了。,5
4,外形外观：外观一如既往的，干练商务范，符合note系列的风格\n屏幕音效：屏幕更是一如既往的惊艳，这一点没得挑\n拍照效果：拍照效果现在还没研好但是，1亿像素真是可以的，很远的距离还是可以拍摄清楚\n运行速度：运行速度，新手机必须快特别快\n待机时间：待机时间还可以吧，能满足一天正常使用需求特色方面个人觉得都是挺完美的期待更好的作品。,5
4,三星旗舰手机，直角屏幕设计很漂亮，现在已经找不到直角屏手机了，全是大圆角。屏幕非常优秀，手机运行流畅。,5
4,一直使用三星，也用了二十多年了。比较喜欢三星的功能，更是喜欢note系列。前两年换了部n7，刚玩熟，结果由于电池的缘故，被召回了。又换了部s7edge一直使用到现在。对于这部手机，观望了很久，价格有点小贵，虽然心疼还是果断入手！手感非常好，功能和颜值太强大了，拍照那更是没的说，典型的商务机型，很多功能还有待于研究研究,5
4,拿到手后立马打开，哇哦，这款手机确实够惊艳\n快递也快的很\n外形外观：性感\n拍照效果：牛批\n运行速度：super faster\n待机时间：这个还没具体研究\n其他特色：牛批克拉斯\n屏幕音效：这个声音够厉害,5
4,真的是非常nice的一款手机啊。终于用上了心念的三星Note系列，就喜欢这种方方正正的设计，搭配迷雾金很大气。屏幕很大，超爱大屏幕。神仙S Pen超好用，865+处理器很流畅。最重要的是屏幕，分辨率很高，真的爱了，不愧是安卓机皇。手里的S10可以退役了。喜欢三星，以后还会支持三星，爱你????,5
4,刚入手，手感非常棒，先用着几天，摸索摸索具体功能吧，第一次总三星手机，一直在用vivo，现在vivo不出旗舰机了，只有买三星了，不过确实不错。,5
4,支付安全提醒无法关闭，来电铃声无法改为渐强，三星真让人失望啊,5
4,使用几天后总体感觉比S20U略强，比S20U轻一点，屏幕大点，拍照效果不分胜负，待机比S20U略差些，但也可以接受！总体不错，推荐购买！,5
4,十多年了，一直都是用三星手机，做工精细，屏幕无敌，款式好看，性能强大，系统也不错！实在是回不去了，这款手机清仓降价了，还是挺合适的。物流很快，信赖京东自营就入手了！,5
5,外形外观：第一天上手 外观老婆小姨子都说特别大气\n屏幕音效：屏幕没法说真的好 音效可以的 声音也大\n拍照效果：比较不错\n运行速度：快\n待机时间：一般\n其他特色：这个笔真的适合商务人士,5
5,手机外观非常漂亮，曲线感十分强烈，看到第一眼就被吸引了，三星屏幕分辨率确实高，刷视频看电影流畅度清晰度非常高，并且配送充电器和耳机，使用感非常好,5
5,一直用三星S系列  这次换个N   确实比S看着高级点 屏幕也很好 手感各方面都不错  一定要买大版的手感才好。笔也好用就是用的少 装,5
5,外形外观：我喜欢的较为方正的外形，单手操作有点大\n屏幕音效：最靓的显示屏，耳机也不错\n拍照效果：看中一亿像素，其实没有想象那么好。但是比较手机相机的话已经很好了，夜景非常不错。\n运行速度：安卓运行都这样，前期完美，后期大概要换机。\n待机时间：很不错的待机，重度操作都可以。\n其他特色：虽然以前用过note5，现在还是不大会运用那只笔。,5
5,虽然远隔千山，但物流安排的很紧凑，按时收到。打开后，一切都好，用起来流畅。,5
5,"种草很久，还是由Galaxy Note10+5G换了这款Galaxy Note20 Ultra。外观上， 这款迷雾金版本的三星Galaxy Note20 Ultra采用大家熟悉的AG玻璃工艺打造， 磨砂手感很舒适， 不沾指纹又很上档次。 虽然机身重达208g, 但是手机配重调整得很好，握 \n感很安逸， 拿在手上还以为仅是一款180g左右的轻薄手机， 如此体验不愧是世界大厂出品的旗舰手机。 它有着业内最优秀的显示屏，以及搭配目前最强悍的高通骁龙865+处理器，拥有一支全新升级的智能S Pen，并且支持双模5G。颜值担当又同时性能强劲，鱼和熊掌兼得。该机价格最近新低，推荐购买。京东送货安全又快。十分好评。",5
5,双11买的，价格香的一比。屏幕很大，自适应120赫兹非常舒服。拍照能力很强。图4是完全天黑拍的，像白天一样。spen的可玩性也很高，更多功能还在探索中。,5
5,这屏幕虽然是上一代，但是显示效果依然可以吹爆！拍照对焦也是超快。对于不玩游戏的人，这打骨折的价真心性价比高！,5
5,外形外观：外观中规中矩，很有商务的庄重感，适合成熟稳重人士。\n屏幕音效：说实话买这个手机就是冲着他的屏幕去的，确很惊艳，显示很温和细腻。\n拍照效果：拍照很清晰，对得住这个配置，不亏是旗舰机。\n运行速度：12G内存加上865CPU性能达到了巅峰，对付目前的软件运行完全何无压力。,5
5,外形外观：不错。\n屏幕音效：很好。\n拍照效果：很强大。\n运行速度：速度还是可以的。\n待机时间：可以。\n其他特色：充电器功率小了点，速度慢，方正的屏幕是我喜欢的，眼睛敏感的要考虑好了再下单。,5
6,以前用过note 9，这次用Note 20，手机手感挺好的，屏幕很清晰，很鲜艳，其实喜欢的就是它的外表跟屏幕，体验效果过段时间再看。,5
6,外形外观：外观非常漂亮，颜色非常正，大爱\n运行速度：运行速度非常快，毕竟12G的内存\n\n待机时间：待机时间还能接受，平时电话多，用的时间短正常\n拍照效果：拍照效果非常棒,5
6,外形外观：颜值是真的靓\n屏幕音效：音质佳\n拍照效果：拍照相素太好了，清晰鲜艳\n运行速度：暂时玩了一盘吃鸡，流畅\n待机时间：不清楚\n其他特色：和旧三星一起传输文件好快！用过S8+和NOTE8，总的来说感觉note系列更板正，喜欢,5
6,外形外观：方方正正有棱有角 大气\n屏幕音效：用了之后就回不去了\n拍照效果：中规中矩 没有很好也差不到哪里去\n运行速度：非常快 高刷yyds\n待机时间：比之前的s21待机长 不过还没到很满意的程度\n其他特色：s pen 绝对的王者 玩法很多,5
6,外形外观：商务，方正，质感好。\n拍照效果：还不错。\n屏幕音效：完美无瑕。\n运行速度：溜溜的快。\n待机时间：有待验证。\n其他特色：理想机型。,5
6,外形外观：颜值在线，全面屏，很好用\n屏幕音效：屏幕是顶级的\n拍照效果：效果很不错，非常清晰\n运行速度：运行速度很快，没有卡顿\n待机时间：电池容量足够的大了，就是充电速度一般般，不够快,5
6,外形外观：好看\n屏幕音效：特别棒\n拍照效果：1亿像素，夜景，人像都很好\n运行速度：非常快\n待机时间：待机时间：真的一般般，用电挺快\n其他特色：s-pen很不错，方便好用,5
6,我还是头一次用三星的智能手机，在很久以前的时代用过三星的手机，但那时不存在Smart phone。苹果啊，华为呀，VIVO等等，各样都用过，还没有用过三星，于是就买来用用看。不错不错。感觉探***。初步体验很好。如，三星笔记很好用呢。,5
6,功能强大、用于移动办公没问题！系统优化得很下错，总之好用，适合商务。,5
6,一直在用三星前世机皇S8 plus，快五年了，系统运行一直稳定快捷，性能无可挑剔，但是年头久了，电池衰减，听筒老化，也出现了烧屏，是该让他颐养天年了。因为我手机更换不频繁，所以更倾向买一部性能更稳定的中高端机，比较了同类型产品，note20虽然是面世快两年的产品，但无论外观设计、配置性能都不落伍，仍然一线梯队，对于**常使用也是绰绰有余，而且拍照功能也一直是三星的强项，所以果断出手，另外一点，20是note系列的绝唱了，现在价格也优惠了不少，还是很值得入手的。详细感受再追评吧，反正开箱已经很惊艳了，完美！！！！！,5
7,手机屏幕很好，画面很漂亮、很高清。功能还在熟悉中。整体来说，三星的质量还是不错。希望不会出现什么问题。手机造型很大气，很适合商用。感觉很干净，非常商务。,5
7,手机屏幕大、显示效果细腻，很赞；相机像素很高，拍照清晰，可射月；相对现在发布的新手机充电速度略慢，电池掉电快，不如上个华为的手机有安全感，但中度使用一天无压力。速度快，颜值高，手感好，非常喜欢！,5
7,收到，非常不错。给家里买的，自己用着Mate40Pro觉得屏幕不是很好所以买三星，现在的安卓系统也好用了。京东自营各方面都不错，Note20U综合实力各方面都不错，还有一支手写笔很有特色。听说是三星最后一款带手写笔的，是不是不确定。但是手写笔真的不错&hellip;&hellip;,5
7,Note 20U的综合体验实在太棒了，照出的照片也很通透。左边是本机，右边是华为Mate40 Pro。除了充电速度和鸿蒙的生态链接外，其它方面体验优于Mate 40Pro。特别是屏幕素质确实顶尖，明显高于华为的大部分旗舰。三星这款是微曲面屏，体验也比Mate 40 Pro 88度瀑布屏好。信号通信的话理论上华为更强，但实际使用没有太明显差别。安卓一般都不错，不像苹果那样群得明显。同样是256G的比华为Mate 40Pro还便宜一千多，还有手写笔。性价比高，值得推荐&hellip;&hellip;,5
7,非常喜欢的产品，本次双十一力度很大，值得入手。不亏安卓机皇。使用几天，优点是屏幕好看着舒适。电量也不错，工作用，使用频率不高，一天充电一次足够。,5
7,一直使用三星旗舰机型，没有碰到很多不使用三星手机的人说的卡机问题，三星一定要用旗舰机型。使用一段时间了才来评价，N20U外观大气上档次，商务范，屏幕确实有点大，显示超级细腻，拍照效果杠杠的，超薄，电池容量适中，重量控制得很好，虽是去年旗舰，运行都很赞，活动价，开心,5
7,三星老用户了，质量确实不错，屏幕、系统都非常好，摄像清晰，音质浑厚，有机会再入手一台!,5
7,外形外观：大气质感很好\n拍照效果：拍出来色彩鲜艳\n运行速度：丝滑流畅,5
7,才买十天就降价了，还没价保！东哥你太过分了！,5
7,有点惊艳到了，用了半个月，体验很不错。信号比苹果上升一个level，三星二代屏幕，充电一小时可以充满。我最喜欢的，还是它的照相效果。非常值得入手???,5
8,可以这么说，特别特别特别好，1月份出场，未激活的新手机，真的是很丝滑！！！,5
8,自营送货速度非常快，值得表扬。打开包装配件齐全，有一副AKG定制的耳机，充电头是25W的有点拉胯，其他常规物品都齐全。手机质感很好，手感略方略宽，重量还可以，不觉得很压手，后置摄像模组确实大又比较突出，带上送的壳子还可以，屏幕真的很舒服，三星顶级确实好，别的等用过一周后再来评价。,5
8,用了三天，硬件配置确实优秀，屏幕最出色，系统有点不适应，不如其他厂商的本地化做得好，总的来说是一部不错的手机,5
8,用了十几天了，真没想到春节期间竟然24小时内到货，非常满意，货很赞??，照相功能超棒。高刷率惊艳的新潮澎湃。,5
8,外形外观：三星的外观，妥妥的机皇水平\n屏幕音效：杜比音效\n拍照效果：顶级旗舰\n运行速度：非常快\n我是三星粉，给女朋友买的，其实有点纠结的，2k120不能同开，不过5g确实快。外观也很好看，是非常耐看的迷雾金。,5
8,屏幕  好 ，观感好，打孔很小。    系统  可玩性很高       续航   可以     拍照   没有想象那么好,5
8,外形外观：刚开始觉得摄像头比较突出，用习惯了，反而觉得很有手感，外观设计越看越喜欢，一分钱一分货，做工还是很精致的。\n屏幕音效：屏幕真的很顺滑，为了这块屏幕也值了，显示效果一流，触感流畅。之前用的是s10+，当时已经觉得色彩艳丽触摸顺滑，但是和note20U一对比就发现，note的屏幕滑动真的是丝般顺滑。\n拍照效果：感觉很清晰。\n其他特色：手感特别棒！\n待机时间：电池真的不太耐用\n运行速度：865plus还是很给力，运行不卡壳。,5
8,第一次用三星，使用一个星期来评价的，收到货的那一瞬间满是激动，打开之后很满意，屏幕很惊艳，信号也好，买的迷雾金，外观好看，一亿像素超级好，拍照特别清晰，非常满意&hellip;&hellip;\n唯一的缺点是120HZ和2K不能同时开，电池中度使用，一天一充&hellip;&hellip;,5
8,外形外观：非常靓丽，非常好看，霸气外露。\n屏幕音效：非常不错，双扬声器。\n拍照效果：对比s20?很大提升，严谨保守不错。\n运行速度：12G已经够用了，用2年可以的。\n待机时间：估计一天一冲不错了，屏幕素质在那。\n其他特色：买双不买单，三星手机，非常不错哦哦。,5
8,机皇就是机皇！手机很不错！使用了5天来评论的！一打开包装，发现前后都贴了原厂膜！质量非常好！\n外形外观：非常不错！\n屏幕音效：非常好！\n拍照效果：非常好！\n运行速度：非常快！,5
9,外形外观：漂亮大气，该品牌外形一直都很好\n屏幕音效：做为屏幕供应商，屏幕顶级\n拍照效果：满足需求，虽不是最新款，但还是不错的\n运行速度：12G运存加865p，运行流畅\n\nspen+原厂膜+原厂壳+原厂充电器+原厂耳机，算是对过往的留念，特地使用了很久才评价，性能基本满意，轻度使用勉强一天一充，中度使用一天至少两充。价格没有买到最便宜的，适中。配的原厂壳不耐刮不耐脏。会继续使用体验，以后再追评，相信jd不会让人失望。,5
9,外形外观：外观方正，屏占比超级高，非常好看。屏幕色彩和效果非常好，不愧是2020年全球最顶级的屏幕\n屏幕音效：音质也不错\n拍照效果：拍照整体不多，五倍光学变焦还是不错的\n运行速度：12GB的内存，即使对于安卓系统也绰绰有余了\n待机时间：正常用下班后还剩50％左右电量，足够用\n其他特色：一直喜欢三星Note系列，可惜今年没有了，所以买了这个，也算是以后做珍藏吧。,5
9,从s系列到n系列，一直使用三星手机，质量很好，上一个note还可以陪着我继续战斗下去，新手机体验一天，感觉很棒。就是觉得这国外产的不如之前国内的。总体来说很棒\n外形外观：方正，适合男人用。\n屏幕音效：屏幕一流，声音真的有点大\n运行速度：丝滑般的流畅,5
9,手感很棒，轻薄！拍照比s20u更稳 spen也很给力 可以隔空操控 很满意了,5
9,用了一星期手机很好用，原保护膜撕了，担心摔手机，屏幕用什么保护膜？\n拍照效果：好\n屏幕音效：好\n外形外观：好\n待机时间：好\n运行速度：好,5
9,真不知道三星的手机有这样的，拍照不怎么好，乘车码难刷，字体调大显示异常，如图复印结果三星的不清晰，有平直的条纹，用n20u拍照复印件照片条纹就变形严重，。网络也有问题，经常瞬间断线，耗电散热比较正常，当前5g信号弱可能是基站问题，其他正在发掘,5
9,掌柜的服务态度真好，发货很快。宝贝质量也相当不错。太喜欢了，以后还会光顾你家店，没想到这么快就到了，尺寸正好，老板态度很好，非常愉快的一次购物。,5
9,外形外观：颜值很高，选这个颜色好像有点骚\n屏幕音效：屏幕没得说，非常棒，音质也好\n运行速度：速度快，没卡顿，可能是我不玩游戏的缘故，但是12G的运行内存应该很强大了\n拍照效果：拍照效果我就不好评价，总之比我之前的note8好多了,5
9,外形外观：非常惊艳，尺寸大，金属材料，上档次。\n屏幕音效：音乐效果不错，有立体感。\n拍照效果：拍照不错，像素达到豪华级别。\n运行速度：12G，速度快。\n待机时间：还可以吧。\n其他特色：spen 够新颖。反正值得拥有。,5
9,屏幕效果很好，声音也是顶级水平，亮屏尺寸非常亮眼，spen大大扩展了使用场景。\n用笔操作远程桌面比手指精准太多了。\n摄像头正常吧，对焦比预期慢点，本来觉得激光对焦能很快的，结果好像还是相位对焦。\n关于争议最大的续航&hellip;&hellip;自己的体验是，这个系统得会调教，不然熄屏情况下掉电太快,5
10,外形外观：高级\n屏幕音效：完美\n拍照效果：完美\n运行速度：光速\n待机时间：还行,5
10,手机买回来开手机盒的瞬间，惊艳到我了，颜色非常漂亮，屏幕使用依旧是非常的顺滑，SPEN使用功能特别多，特别是笔记非常实用，非常喜欢。,5
10,外形外观：黑色显得稳重大方，透着干练气质\n\n屏幕音效：听了蔡琴的试音曲，仿佛亲临现场在看演唱会\n\n其他特色：三星拍照像素一直是亮点，远景近景都清晰，特别喜欢专业模式，媲美入门单反相机！,5
10,拍照效果：拍照效果很好\n外形外观：外观也挺好看的\n屏幕音效：音效特别好，个人觉得比苹果的好\n运行速度：运行速度很快\n其他特色：耳机，充电器也齐全，而且还报价；客服也很认真负责,5
10,兜兜转转一年多用了不少机，到头来综合体验最好的还是这款手机，大气，流畅，通话好，拍照好，音质外放好，温控好！综合体验最佳安卓机！,5
10,三星绝对靠谱！京东绝对靠谱！,5
10,首先要说的是京东物流太给力了，配送小哥也很厉害，配送的还是一如既往的快，没有一点因为疫情而变慢！说说手机就是，本人一直在用三星note系列手机，这次从note8直接到note20 Ultra 5g手机， 因为这款手机确实没让我失望，一亿像素，可达到摄影水准。12G运行内存和八核处理器，对于玩游戏来说是真的棒。其他功能就不一一介绍，游戏音效杜比音，真的体验感很强！总体来讲就是一一好,5
10,整体表现不错，非常适合商务办公，上手比较沉，从note8换过来，大了一圈，单手操作比较费力。还是喜欢8的小巧。这个使用下来比较靠谱。,5
10,操作快、爽、流畅。估计是大屏幕原因，耗电比较快。大约1个半小时左右完成快速充电。音质效果很好。拍摄效果真的超棒。服务很好。,5
10,外形外观：手感超级好，虽然比原来手机大了一圈，握持感也很好。\n拍照效果：顶级\n屏幕音效：顶级,5
11,拆快递的时候，还是有点点小激动，毕竟也是手机界的旗舰。开始买的时候纠结黑色和铜色，冲着铜色的后面是亚光的，最终选了铜色，收到后，果然没选错，质感非常好，做工非常精细，整体颜值比上个月入手的12pro max还要好，屏幕素质更不用说了，业界的第一，没有之一。总之，非常满意，还优惠了600元，24期分期免息，很是实惠。比某些还要加价抢购的友好太多了，也展示出了厂商之间的实力差距！推荐购买！,5
11,外形外观：非常好的外观，方正硬朗有型。\n屏幕音效：屏幕显示一流，音效很真实入耳。\n拍照效果：拍照效果非常的好。像素很好。很清晰真实。\n运行速度：速度流畅，快。用着舒服。\n待机时间：待机时间还可以的。\n其他特色：是一款很好的手机。一流。不吹不黑的好手机。,5
11,降价太快，降的幅度还大。短短时间，现在送800购物卡。京东服务太差，三星手机没有售后。,5
11,打开盒子就被惊到了，太漂亮了，照片完全拍不出效果，圆角、直角、圆弧、颜色设计的太完美了，辨识度非常高，一眼看上去就是顶级手机，目前市面找不到这么高颜值的手机。,5
11,一直非常喜欢三星的工业设计，方方正正很漂亮，以前用过三星note3，但是感觉没用多久就会卡，我以后就一直改用苹果了。这次无意中看到三星note20u，非常心动，又喜欢那支spen，双十一有活动就买了，没想到真是太惊艳了！真的是丝般顺滑！而且屏幕真的太好看了，感觉再也看不惯其他手机屏幕了！刚开始觉得电量不够用，消耗快，没想到真像网上说的那样，用一段时间后电池就变耐用了，一晚上待机只消耗3个点，太棒了！,5
11,大，很大！绝对商务，我的note8用了4年了，没存太小，电池也不行了！牛1，牛2，牛4，s7，牛8，还是三星用着习惯！尤其是笔画图很方便！,5
11,还没来得及拆封就迫不及待的来评论了\n外形外观：商务专用，大气不失时尚感\n屏幕音效：三星品质在这儿放着呢，音效没问题的\n运行速度：不用多说，用过的人自然懂\n其他特色：包装严谨，物流速度快，完美，这次刚好趁机活动力度大，赶紧入手。,5
11,外形外观：外观方正好看，是我喜欢的类型\n屏幕音效：屏幕通透惊艳，音效也很好\n拍照效果：拍照给力，但广角畸变太严重\n运行速度：手机日常使用非常流畅,5
11,这款手机，我认为在安卓机中才是真正的性价比之王，三星顶级屏，120Hz刷新率，最新一代手写笔，后摄1亿像素，电池4500mAh。商务机也好，游戏机也好，实在是美丽！五千多的价格，太值了！,5
11,外形外观：惊艳！颜色正！特别好看！\n屏幕音效：一如既往地优秀！\n拍照效果：清晰！\n运行速度：快！\n待机时间：正常待机！\n其他特色：值得购买！,5
12,真的很霸气，高端大气上档次，外观堪称机皇，买到了就是相当惊艳，用过了几天再来评价，就是电量有些不太耐用，其它都还可以，音质奈斯，总体来说，一万来块的手机，这个价入手还是很划算的，可以推荐购买，值得拥有。,5
12,外形外观：好看，手感很好。\n屏幕音效：很好\n拍照效果：好\n运行速度：非常快\n待机时间：可以,5
12,n20月老妈非常喜欢老妈非常喜欢，整体造型很别致，运行速度很快，关键是那个屏幕质量真的很好。,5
12,非常好非常好。与budsPro和buds2完美配对，音质很好，降噪效果很好，简直就是天作之合。震撼的低音效果，如临其境一样啊，三星强大一波。完美三兄弟,5
12,外形外观：很靓\n屏幕音效：很好\n拍照效果：很赞\n运行速度：很快\n待机时间：跟一般手机差不多,5
12,"用了三个月，大品牌，用起来很放心，质量非常好，赶上活动购买非常的划算,客服真的很不错哦~~~~~~~~~",5
12,"一直用三星，手机不错，尤其是spen,三星note的灵魂，显示效果和音效杠杠的。更新了oneui,可玩性很高，喜欢探索的朋友可以试试，现在活动价格给力，值得入手。不过快递是一言难尽，超级慢，可能是人手不够吧。。。",5
12,刚入手的note20ultra真的香，尤其迷雾金的很耐看。之前的苹果XS果断变成备用机。适应感受上，三星的屏幕真的是没得说，显示细腻，色彩饱满。追剧的神器。像素也是特别好，对比苹果稍有失真。还有各种主题真的爱了，选的到眼花。还有spen真好用，生产力利器。不足就是价格之前真的小贵，这次活动价5999值得了，电量中度使用能差不多维持一天。镜头模组有点突出，不过也不算碍事。这款手机很棒，不愧是安卓机皇。,5
12,外形外观：颜值担当\n屏幕音效：整条街我最靓\n拍照效果：拍照技术一流\n运行速度：一溜烟就完成了\n待机时间：可以用两三天吧\n其他特色：无与伦比的美丽,5
12,外观精美，使用流畅，spen亮点,5
13,三星这款外型十分靓眼，弧形面板，全屏显示，拍照像素也十分够用，运行速度可以，与旧机用S手机助手倒数据几分钟搞定，配有一副AKG耳机，手机护套等都有，无需再配。,5
13,1、外形超薄，手感很好，就是摄像头太突出了，手握相机容易碰到\n2、笔升级到9毫米，使用感受有提示，比原来note10的笔顺畅\n3、120hz的刷新率，感觉真的很好用，顺滑跟手，比note10强不少，用了就回不去了,5
13,电池续航也还可以的，可以用蓝牙耳机来录像的时候收音，这个对拍vlog的up主真的很方便,5
13,外形外观：很漂亮，精致，细腻，润滑，摄像头很精致，有种厚重感，息屏时可以作镜子使用。\n屏幕音效：屏幕很棒，触摸感更加润滑，似乎还有点弹弹的感觉。音效很出色！\n其他特色：其它有待进一步体验，初步感觉很棒。,5
13,拍照很好，尤其夜景，同景特意拿家人其它品牌手机对比，优势很明显超清，画质感更真实。这里说明一下，我不大拍照，所以怎么设置更好就甭提了，只是随拍：）速度很快，三星屏幕的优秀加上大屏感觉棒极了，再去看其它机子差距感太明显了，唯一一点就是朋友圈快速浏览的时候视频刷新不是很快，应该是与太多的视频、广告图画较大、网速（4g，周围信号向来差）有关，或许会设置的朋友可能没这情况。玩了几局和平精英，画面很棒、流畅、语音对话超清，无卡顿。音乐效果很棒。那支笔，挺好玩，还没摸透，以前一直S系列。最后提示下，新机到手后该装的裝上，然后系统更新后再用，首次电池用光再充，充满后继续充上二十分钟左右不要太久。没有特别必要，最好不要用三星生活助手把前一部机子东西全部复制过来，最好手动，虽然麻烦但是一：.对新机子本身好二：可以增强与新机磨合度：）,5
13,手机巨美巨好看，完全适应了，就是功能太多记不住啊，买了一堆手机壳，本七年果粉已经决定再也不买苹果了hhh，换了之后真香，屏幕太好看了，裸机手感太棒了，spen也太好用了，这个价格性价比太高了，运行速度也是很快,5
13,一直使用三星手机，从note3到S7再到note20，系统用惯了顺手。外观控看到note20的第一眼就被惊艳到了，特别喜欢这种方方正正没圆角的，到手后果然没让我失望，屏幕够大显示效果很好，系统运行流畅无卡滞，拍照效果好，尤其夜景自动补光但颜色不失真，不喜欢那种自带美颜的，总之非常满意，一直信赖京东的品质。,5
13,相当不错的手机，绝对给满分：\n1.手写流利，非常方便；\n2.屏幕非常好，效果惊艳；\n3.颜色漂亮，绝对颜值担当；\n4.电池续航能力非常不错。,5
13,最早用三星的S7曲面屏 ，颜值巅峰，手感也是巨好都舍不得用保护壳，屏幕都换了两块！三星的显示屏真的是无敌，现在赶上活动入手note20U算是老用户回归吧。,5
13,外形外观：方方正正的商务风格，超级高的屏占比，颜值绝对一流。\n屏幕音效：2K屏显示细腻，120HZ刷新率极其流畅。\n运行速度：运行速度：888和8GEN1拉胯的时候 865＋就支棱起来了。,5
14,非常喜欢，很棒的手机，S9+犹豫很久还是入手了，为了一个5G和大屏，很多评测说白会偏绿，但是一般都开护眼模式是发黄的，融合后颜色觉得反而更理想。120刷新感觉很赞，但是60刷感觉明显不如我的S9+显得流畅，spen用起来很有feel，总体非常满意。最后一个可插内存卡的旗舰机了吧，良心机实体店都下架了，我才抓紧买下了。,5
14,拿到手机给我的第一感受，就是修长。6.9英寸的&quot;超大&quot;屏幕，让我完全无法单手打字，很多使用场景中我必须要使用双手握持。但好在手感相当不错，屏幕边缘与中框、后盖都有非常好的衔接，不会出现阻碍和割手的情况。另外，能撑得起&quot;安卓机皇&quot;四个字，性能一定是当代最强。高通骁龙865，配合LPDDR5和UFS3.0，妥妥的最强搭配。我手中的是12GB+256GB版本，到手特意测试了一下，同时开启20个应用，全部都没有后台清空的情况。一个字快，漂亮，值得,5
14,用了一段时间，再来评价以前也是用的这个品牌，屏幕更加细腻，系统现在优化的非常的好了，特别是省电这一块，这个品牌谁用谁知道，京东自营值得信赖。,5
14,外形外观：很好看的，很有型。\n屏幕音效：屏幕真的很不错，声音也可以的。\n拍照效果：还不错。\n运行速度：挺快的。\n待机时间：还可以的。\n其他特色：价格优惠。,5
14,从骁龙888反向升级曾经的旗舰，发热明显减少，用起来舒服。手写笔非常好用，自拍轻松。这是款功能全面的手机。双十一预定手机亏了400，踩坑留念！,5
14,像素很好，手感不错，运行速度挺快，物流嘛赶上双十一，可以理解，但是也是超预期收到了手机，总体评价还很好，值得入手～,5
14,真的很不错手感好重量适合，屏幕大气，色彩艳丽，拍照像素别提看照片就是好使，声音自选，速度小心没看清划过来那叫快。,5
14,还说什么，没的说屏幕就是大，刷屏就是快，那这就是霸气，你不服你也来个试试，保证你爱不释手。,5
14,外形外观：一如既往的精致\n屏幕音效：色彩饱和度很高\n拍照效果：尤其夜拍成像清晰\n运行速度：解锁非常快比之前的note8大幅度提高,5
14,外形外观：漂亮，像小电视。\n屏幕音效：声音清晰\n拍照效果：好。\n\n本手机应该10号送到，因客服小姐帮忙，提前一半的日期，也正好赶在节日内送到，非常感谢！,5
15,很好。拍文字噪点大。人物风景效果和很好。\n续航一般。一天两冲要的。充电速度快。\n主要是冲屏幕和spen来的。总体满意。\n最后吐槽双十一预售买比尾款当天买发货还慢。所以付定金的意义何在。,5
15,苹果手机用了五年后，换到三星note20u，很大的转变，但是现在安卓做的非常不错，三星的屏幕非常丝滑，自适应刷新率很流畅，打游戏不卡，双十一优惠果断入手,5
15,发货速度挺快的，派送速度与也挺快的。包装比较简单。手机的样子，方方正正，非常老派的感觉。做工精细是三星一贯的旗舰标准。手机使用方便。屏幕大，显示效果也不错。机器运行比较顺畅，安卓都是新机器运行快，越来越&hellip;,5
15,"三星的屏幕超级惊艳，妥妥的业内第一。另外还有1.081像素。AI一键多拍，专业视频拍摄，4500mAh的电池，续航力拉满，点睛当属S Pen, 功能强大，书写拥有真实般的自然笔触，随时随地的息屏编写，会议记笔记，是我使用率最高的S pen功能，非常值得推荐购买的安卓旗舰手机。",5
15,原来的S9+屏裂缝了，正好618果断下手，手机很好用，大屏＋手写笔爆赞。吐槽一下自带的手机套，味道挺大,5
15,外形外观：外观相当有范儿，适合商务。\n屏幕音效：屏幕没得说，世界公认的第一屏\n拍照效果：拍照应该不错，但是我主要用于商务使用，不太注重拍照\n其他特色：spen.功能强大，轻办公，临时记一下东西，还有办公类软件，非常实用\n待机时间：待机时间够用，一天一冲刚刚好，我只用于工作，极少打游戏\n运行速度：运行速度没的说，865+。,5
15,今天中午两点多刚收到，外观很漂亮。开机百分之四十八的电量，现在16：42还剩电量百分之四十的电。,5
15,屏幕显示非常好，细腻，鲜亮，触感也非常不错。\n机子颜值高，比市面上大部分机子都显精致。\n相机拍照效果好，成片清晰，噪点少。,5
15,这台手机绝对是物超所值，加上现在搞活动降价，非常值得入手。用手机最重要的是稳定，在这方面三星值得信赖，另外，屏幕带来极佳的体验，相机，芯片，工业设计满意哪个有瑕疵，重量208g比大部分同大小的手机轻的多,5
15,外观惊艳，屏幕漂亮，包装完美\n拍照效果：清晰\n运行速度：酷爱\n三星系统可玩性较高，目前摸索中，使用后再来追评,5
16,外观商务大气，屏幕绿色健康，音效没的说，运行速度一般使用与当下最高配感觉不出多大差异，很不错的商务手机。,5
16,出厂日期2月，惊喜，屏幕显示效果很棒，网速很快系统不卡顿，用了多年苹果，目前在用12pro，换三星没有不适应的地方，很满意,5
16,运行速度：很快\n其他特色：挺薄的\n待机时间：还没有试过\n外形外观：总的来说不错\n屏幕音效：很震撼\n拍照效果：非常好,5
16,在2月份买到了2月份生产的手机。拿到手机爱不释手，以前的担忧一扫而光，太喜欢了，太漂亮了。真是商务人员的标配，非常流畅。爱了，爱了。,5
16,流畅，屏幕显示很好，从note9升级到20，哈哈，各方面都很好。只是spen让人觉得很不满意（没有吧细节做好，看图），电池续航依然不给力。,5
16,三星屏幕不是吹的，我爱了，安卓机皇别质疑我。京东物流速度超级快，小哥服务到位。s pen 有着极致的操作和体验，感觉自己笔格有了。865plus参数不差888，6.9的屏幕可以当个小平板了。赞赞,5
16,外形外观：打开包装一看真是漂亮啊，屏幕分辨率太高了，看视频玩游戏拍照技术都是不错非常棒，这下可以用好久咯？,5
16,运行速度：特流畅，玩游戏耗电量低。\n拍照效果：非常好，像素高，拍摄质量好到爆炸。\n外形外观：大气上档次。,5
16,手机不错，很喜欢，特别是像素很高拍出来照片非常清晰，色彩斑斓丰富，非常高大上。,5
16,质量不错，值得推荐，性能质量都不错，很快，屏幕也很很稳，这个是很合适的选择哈哈&hellip;&hellip;,5
17,收到的包裹是破损的，担心手机有问题，打开一看里面包裹的很好，没有任何问题，三星的铁杆粉了，从S6开始换note8，去年又换了S21，感觉性能不如note系列，正好没注意把屏幕摔坏了，也不想修了，也不等新机了，正好现在note20 U价格合适，再怎么出新机子我觉得都能用个几年，果断入手，还是一样的好用强悍，必须赞一个,5
17,外形外观：一如既往的漂亮\n屏幕音效：五颗星好评\n拍照效果：五颗星\n运行速度：无卡顿,5
17,日期很鲜鲜，两年前的机皇到2022年依旧够用，拍照，颜值手感棒棒哒，屏幕手机界的天花板，很喜欢???????????,5
17,三星note20ultra这款手机观望了很久，本身手里在用苹果，但还是想拥有一个安卓机王，最终在今年选择了这款20年上市的手机，配置高的同时价格也很合适。拿到手果然非常满意，外观特别漂亮，很喜欢。,5
17,手机很好，也研究了很多天，赶上价格不错的时候入手，手机整体外观很好，做工也很精细，是个水桶机，把能做的都做到了优秀，865+的流畅度目前也是很好的，再用2-3年应该也可以，是个不错的手机,5
17,以前就用过三星note系列，体验非常棒，尤其是那支魔法笔，斗图无敌。这次刚好媳妇说手机电池不行了，就给媳妇看了这款机子，手机颜值无敌，媳妇非常喜欢。,5
17,此用户未填写评价内容,5
17,外形外观：很是喜欢，高大上\n屏幕音效：屏幕音效：很惊艳，不愧是旗舰\n拍照效果：符合预期，很满意\n运行速度：这个不用多说，处理器摆在那里\n待机时间：有待测试，据说还是不错的\n其他特色：颜色很喜欢，预约买的，赠送无线充电器,5
17,手机很漂亮，三星很喜欢三星的工业设计，这个价格实际上已经可以买很多今年新款的国产旗舰了，但考虑新款骁龙发热的问题还是选了三星。s10p老用户。,5
17,三星手机质感没的说，连着用了俩，画质清晰，流畅性佳，操作顺手，音效也很棒，爱不释手啊，京东搞活动入手不亏，性价比超高得收入心头爱，哈哈！,5
18,外形外观：手机非常漂亮，颜值基本是最好的了。\n屏幕音效：杜比音效非常好，对于我够用了。\n拍照效果：拍照，还好吧，个人感觉现在手机拍照都差不多。\n运行速度：一点也不卡，但愿能两三年不卡吧。\n待机时间：可以自己关闭很多不用的功能，如果关闭120Hz和2K分辨率，待机我自己感觉非常棒。\n其他特色：我之前一直都用的三星，后来尝试了苹果全家桶，现在又换了回来，感觉像是熟悉的陌生人吧，没有太多惊喜，但是却很满足，只希望能多用几年，再就是希望京东下次能包装的好一点，手机在盒子里磕磕碰碰的，不安全。,5
18,用了这段时间还是非常不错哦，这个是我拍的月亮，像素超级好，期待中秋节拍月亮,5
18,外形外观：note硬朗的风格\n屏幕音效：三星旗舰的屏幕不用质疑，AKG调教的音质非常棒\n拍照效果：拍照一直就是三星的强项\n运行速度：比我之前note9快多了\n待机时间：三星的续航一直是短板,5
18,宝贝手机收到了 非常的喜欢从S4  s 7+ S 10+一直用到现在骆驼20u。旗舰机不愧是旗舰机，虽然是以前的，但是荏苒比现在市面上的大多数手机好很多，主要是这会屏幕非常的棒，超级喜欢，我觉得三星是安卓阵营最好用的手机没有之一。,5
18,老公喜欢了好久，一直舍不得买，最后做通工作买了，哈哈，用了俩星期才来评价，运行速度快，拍照清晰，外观也很大气，哈哈屏幕清晰，待机时间也可以。音效很棒，双扬声器也很好，听着跟我的华为不一样。嘻嘻，,5
18,整体体验还算可以，屏幕质感及显示状况很好！\n日常使用发热及闪退等情况从未出现，趁着三星新旗舰上市期间购买价格很划算，对比其他友商性价比很高！屏幕在极少数情况下会出现滑动断流现象，对体验多少会带来心理卡顿，整体能接受！可入！！,5
18,很大，很好用，屏很好，现在买也不落伍。就是送的塑料壳有些味道！,5
18,以前用苹果X信号不好！这手机信号好，屏幕清楚。非常满意。,5
18,"用了两天，感觉非常流畅，画面分辨率很好。挺好用的个人感觉，不愧是机皇。本来用的华为p30,因为新款没有5G，观察了很久，只有三星可以与之媲美。果断买了这个，还不错没有让我失望，比有些厂商只知道堆数据要好的多。安卓机首选。必须五星",5
18,外形外观：非常漂亮，三星不愧是三星\n屏幕音效：挺好的\n拍照效果：好看\n运行速度：比较快\n待机时间：emmmm\n其他特色：好看 spen,5
19,屏幕清晰度高，特别丝滑流畅，手机速度非常快，打游戏特别舒服，不愧是旗舰级手机，非常满意！,5
19,机器好的没得说，手机一直都是在京东购买，在京东买了十多部手机了，每部都很满意，物流快、省心、又省事，支持京东。,5
19,Samsung  note 20ultra颜值实在是太棒了，尤其是这个古铜配色，后盖的玻璃的喷砂工艺看起来有一种金属的质感，整体设计实在是惊艳到我了，也许是颜值最高的几部之一。,5
19,总体感觉不错，功能强大，需要多研究，超级摄像头！,5
19,趁着双十一活动入手了，去年的三星机皇。整体体积较大。屏幕非常棒。屏幕的显示效果非常好。机器的手感也非常棒。整体非常满意。速度还是很快的，综合性能给力。,5
19,使用一个月的三星note20ultra屏幕颜值完美，运行流畅，电池不重度使用还可以接受，喜欢?,5
19,老爸要换新手机，之前用的是我淘汰下来的苹果，现在要换5G手机，要求还挺高，要求屏大，性能好，功能全，玩游戏和看视频要流畅清晰，还要方便不喜欢用拼音的他写字发消息，最终选了这款。黑色沉稳，S PEN 很方便他记录自己的日常备忘和发信息，写字没有延迟，操作挺简单的，还有快捷方式，老爷子用的很开心，拿着到处炫耀，哈哈。想着他快生日了，这个生日礼物非常成功。\n运行速度：用起来流程\n其他特色：笔很方便,5
19,外形外观：非常大器有手感\n屏幕音效：屏幕清晰\n拍照效果：还没试\n运行速度：速度很快\n其他特色：颜色漂亮，大小适合男生用，质感很好,5
19,如果不懂得夸什么，那就夸他的外形好了。的确，这样的机子，它的外观，靓的一批。除了硕大的激凸的摄像头。大人小孩都说赞。然鹅，要做好几个月的机奴。只好用，它真的很漂亮，来抚慰心灵。,5
19,很满意，第一颗摄像头确实有点歪，S10其实可以再战2年，很喜欢n20u害怕在等没货了，各方面暂时都没啥瑕疵，5599入手。,5
20,非常棒，感觉非常好，在合适的价位（而且分期付款）能买到这款手机，自己很高兴，机子不错，功能强大容易懂容易操作，很合适自己，,5
20,外形外观：外观大气，有质感。\n屏幕音效：屏幕颜色鲜艳，很流畅。\n拍照效果：拍照清晰。效果鲜艳。\n待机时间：待机时间基本使用一天没问题。\n其他特色：从note2开始就一直用三星手机，不亏为新一代的机皇。老机皇note9终于可以退休了。\n运行速度：运行速度快，12g大内存。,5
20,"年前就关注note10,一直没有下手，这次看到note20又在双十一搞活动，果断下单，真没让我失望。这是目前为止应该最好的手机了，屏幕几乎占全整个手机，三星的屏幕应该全球无敌，机子配置无可厚非应该是最强的，还延续了三星特色的优秀经典，操作无比流畅快捷，特别是一亿像素的相机，还有超广角，性能上可拍8k的视频，绝对值得玩味，总之非常满意。原来的s6用了5年光荣退休，大品牌上京东没错。",5
20,期待了很久的一款手机，用了note系列以后就不会选其它了，最早用的是note2，然后3，再到8，现在换到了20，也算是三星的忠实粉丝了吧，手机确实也好用，旗舰机就是啥也不用说，样样都顶配，完美!一直在京东买东西，啥欧不担心，京东值得信赖!???,5
20,外形外观：屏占比高，外观大气。就是后置相机太突出\n屏幕音效：屏幕音效：很 清晰，音效不错,5
20,手机收到了，外观设计精美细致，屏幕效果非常好。一亿像素的拍照效果出众。运行速度快，京东配送认真负责！,5
20,外形外观：非常漂亮，镜头突出，后盖玻璃手感非常棒！\n拍照效果：一如既往的天下第一\n运行速度：顶级\n屏幕音效：音质真的很棒。,5
20,三星，从note 3，note 8到note 10_再到最新款note 20，一直都在京东买的。新款note 20高大上，像素高，颜值高，运行快，屏幕分辨率很好，好评,5
20,非常棒一款手机，12G 运行内存，512机身内存，不用担心未来一两年不够用，骁龙865+处理器非常给力，哪怕2022年也不过时。 note 系列有笔，非常好用。,5
20,外形外观：直角机看起来很高端大气\n屏幕音效：高像素还是有直观感受的，色彩鲜艳，据说是减少辐射的，长时间用手机的人对眼睛好点\n其他特色：spen的质感很好，书写流畅，写字反应很快，尝试回复了一下邮件，很方便快速，操作简单。\n运行速度：运行速度也很快。,5
21,三星手机颜值一如既往的高，手机很薄很有质感，很漂亮。屏幕一如既往的顶级，系统流畅，音效也非常好。相机拍照也非常清楚，从note9+到现在的note20u，希望能一如既往的惊喜。,5
21,外形外观：曲面屏幕看着舒服，\n\n运行速度：非常快\n\n拍照效果：放大50倍都非常清楚,5
21,"作为三星 NOTE 系类忠实用户， Note的那一支笔一直吸引着我从 NOTE 3开好用，到了Note8用了整整三年一个月，终于忍不住出手了，双11优惠力度大，也着实让人惊喜高兴。\n分享一下使用体验，配置参数没得说，三星顶级安卓机皇配置，屏幕就不说了，三星的屏幕一直就是他的强项，我用的是120赫兹和自动刷新率，运行速度超快，画面和多程序应用切换流畅自然，没有卡顿延迟;待机方面，重度使用中间要充二次，反正在办公室随时放在无线充上，没觉得电不够用，前几天系统升级了，感觉持久度又提高了。S Pen ,功能强大，书写真实自然，随时随地的息屏编写，会议记笔记，非常适合商务应用。",5
21,一直以来都是用三星手机，感觉非常好用，又耐用又好看又时尚，现在性能各个方面都做得非常好，很喜欢这款手机，希望三星手机越做越好,5
21,京东的速度果然快，下单第二天就送到了。从三星S8入坑，三星的颜值没得说，现在看到note20U优惠这么多，果断入手。上手已差不多10天，挺顺畅的。,5
21,好评！方正的外观设计，看上去高端大气，握感舒适，运行流畅。非常满意！,5
21,生产日期2022年03月，质量很好。主要用笔书写??纪要。原厂的外壳很赞。akg的耳机比采购的美版s10送的效果好太多。后面会从三星buds pro和森海m2代中再选一个蓝牙耳机，价格秒杀5688，估计再降有限。,5
21,12PM和N20U纠结了好久，最终选择了N20U，到手感觉漂亮，但是真的是很费电，玩游戏很费，正常使用一天多一点，但是也要一天一充，总体不错，很喜欢，送了耳机，音效很棒，,5
21,外形外观：除了镜头太过突出，别的都好看\n屏幕音效：很赞，分辨率效果杠杠的。\n拍照效果：超清晰。跟我自己的note8相比差距太明显\n运行速度：很流畅。速度很快。\n就是有点疑惑，为什么顶部侧边的保护膜有划痕。,5
21,因等智能手机壳今天才激活。这款手机做工精细且大气，用起来十分顺手流畅。是一款值得拥有的好机器。,5
22,安装程序，各种操作搞了几个小时。电量确实不太耐用，而且充电速度也不是很快。从前一直用三星NOTE系列。这次忍不住又oi来了一个。其它方面都很好，相当满意。,5
22,使用了几天，三星屏幕确实没的说。就是电勉强可以。这个系列的一直从note3用到20啊。????,5
22,屏幕音效：屏幕显示亮度高，滑动顺畅，色彩艳丽\n运行速度：运行速度非常快，无卡顿\n其他特色：三星自带换机软件非常好使把应用加数据全部拷贝到新手机，非常省心。,5
22,手机总体来说还好，屏幕比较惊艳，拍照非常清晰，比我之前的米好多了，无愧机皇，但怎么就感觉缺少一中惊喜感，拿到手机很平淡，开箱平淡，开机激活平淡，使用也平淡。,5
22,第一次用三星。之前一直不敢用，担心oneUi 不好用，结果用过就上瘾了，比一加的H2OS 强太多了!正心不错。更不用说拍照的骚气了。,5
22,"外观：\n拍照效果：5X光学变焦，50X超高分辨率变焦，1.08亿广角摄像头，强大性能配置支持拍出精致细腻画面和高品质的8K影片, 为后来的图片/影像处理和编辑提供了充分选择和乐趣； 运行速度：运行速度超快，画面和多程序应用切换流畅自然，没有卡顿延迟; 待机时间：支持25W快充, 刚到新机，待机时间待评价; 其他特色：三星的点睛之作当然是S Pen, 不断持续升级，功能强大，书写拥有真实般的自然笔触，随时随地的息屏编写，会议记笔记，遥控拍照，图片笔记分享，是我使用率最高的S pen工作和生活应用功能，值得推荐购买的安卓旗舰手机。",5
22,一直是三星粉，从当年的p108，D608就喜欢三星亮丽的屏到后期note2，A8，note8不但喜欢三星的亮丽屏还喜欢它科技感，这款手机达到了一个新高度，我的note8用了三年多仍然很好用，直是内存不够才换上这款手机，新机器新的高度，愿三星不断发展，创一个又一个新高。,5
22,一直听说三星手机不错，这次有活动买来试一下，真心感觉非常不错，屏幕用着很舒服，也很流畅，比我之前的手机好用多了，好评好评！,5
22,外形外观：是我喜欢的样子\n屏幕音效：非常棒\n拍照效果：很清楚\n运行速度：很快\n待机时间：还行\n其他特色：没有,5
22,好！漂亮\n外形外观：好\n屏幕音效：好\n拍照效果：好\n运行速度：好\n待机时间：好\n其他特色：好,5
23,外形外观：真的漂亮，碾压目前所有机器呀。\n屏幕音效：屏幕没有我的s10+现实细腻，尤其看动画片的时候，s10+特别鲜艳，但note20不刺眼。\n拍照效果：小白级别，没技术拍不出好看的照片。\n运行速度：真叫流畅\n待机时间：两天左右，非深度用户\n其他特色：现在代替苹果出门做运动统计步数了,5
23,外形外观：非常喜欢，高大上 屏幕音效：很惊艳，不愧是旗舰机型啊 拍照效果：超出预期，很满意 运行速度：这个不用多说，处理器摆在那里 待机时间：等有时间测试，据说还是不错的 其他特色：颜色很喜欢，预约买的，赠送无线充电器，礼物很好，十分实用，期待运行时候的完美表现吧，一直喜欢三星，上一部是note8，支持三星,5
23,外观时赏大气，屏幕非常清晰，音质好，拍照效果没得说，运行速度很快，865+的cpu还是不错的，速度快发热量低，不愧是旗舰品质。,5
23,屏幕音效：机皇就是机皇，漂亮\n运行速度：很好\n外形外观：很喜欢\n拍照效果：不错，稳定性高\n待机时间：还可以吧,5
23,手机太帅了，从note8升级换过来的，屏幕比n8长一点，而且更加清晰细粒，系统也有非常多的优化。,5
23,首先给京东的物流点个赞，真快，隔天到。本人是三星手机的忠实拥趸，现在的主力机型是s21ultra，想给自己添一台副机，没什么可说的，就三星Note20ultra了。现今秉承这种方方正正的机型的厂家也就三星与索尼了，但是考虑到三星的做功、屏幕、外形都是上乘一流的，自己又是三星的超级粉丝，20ultra是最合适不过的选择了。,5
23,买了有一阵子了，直播间下的单，综合算起来价格很优惠，用起来还不错，像素高拍照很好，功能也很强大，慢慢研究，某人表示很满意?,5
23,外形外观：外观很棒，方正，屏幕够大，做工精细。\n屏幕音效：屏幕素质很棒，高清、细腻，颜色亮丽。\n拍照效果：拍照效果棒，比手里的mate40 pro好些，对焦快。\n运行速度：运行很不错。游戏可以的，虽然很少玩。\n待机时间：充满电重度使用1天妥妥的。推荐。,5
23,note20u老旗舰还是香，平时不打游戏865完全够用，高刷体验挺好的，动画很流畅。,5
23,全新加入的9ms 低延迟技术，可以做到让S Pen 在萤幕画面上的书写、绘画更为流畅，初次使用Note20 Ultra 的S Pen在书写时，笔的「跟手」程度是很明显可以感受到的，而且S Pen 也透过笔内建的加速度计、陀螺仪感测器来搜集使用时的移动资讯，并透过AI 技术演算来预测笔的座标位置，也因此可以创造更真实的手写与绘图体验。,5
24,从华为换成了三星的手机，华为一对比确实存在很多细节还需要完善的地方，三星的手机现在也很皮实，不像以前了，不过最近又降了100块不过感觉还可以5999大洋，很不错挺好的,5
24,入手了，感觉非常好，外观漂亮，使用起来速度很快，完美!,5
24,心心念念很久时间了，终于在618下手，希望能够多用一段时间。毕竟配置什么的都很高了。一直用note系列到现在十年时间了，除了7基本都用过，note系列也越来越高级，一直在行业最前端。缺点是我买的太晚啦，没有无线耳机送，可惜可惜。,5
24,非常满意的一次购物，用了许多年苹果，关注了三星很久还是选择了note20U。使用起来很流畅，就是刚入手不会用操作麻烦些。包装太简陋，就一个纸盒子，也没有填充物,5
24,真是垃圾，买来就带壳，今晚才发现摄像头边玻璃是碎的，?东就会卖二手货？再也不会在京东买东西！,5
24,很不错的手机 而且没想到的是比s系列上手明显清 大而不笨 很喜欢,5
24,买之前也做了研究，看到各种负面评价都说得有模有样心中也担心会不会翻车，到货后开盒验货发现并没有那些问题，除了一点，晃动手机是有声音，但我试了我的华为晃动也有，应该是光学防抖组件的正常声音，机器品控很好，而且工业设计堪称完美，拿在手很有手感，不愧是一代机皇。,5
24,使用一个多月很满意，网传的摇动有声音确定是光学防抖组件，把相机打开组件进入工作状态声音就会消失,5
24,外形外观：漂亮大方\n屏幕音效：够大，够亮，够炫，效果不错，听音乐是一种享受\n拍照效果：清晰，设置多，完美\n运行速度：快，快，快，重要的事情说三遍\n待机时间：不错，够用了\n其他特色：就是喜欢的机器，高大尚啊,5
24,用了7年的苹果，现在三星苹果一起用，感觉三星也好好用噢！！屏幕很细腻,5
25,速度很快，不发热，笔很不错。老手机树是安卓手机，数据很方便导入新手机,5
25,手机很好用，特意用了一段时间才来评论，手机自带手写笔，建党大庆剪视频派上大用场了。游戏性能也很出众，一亿像素加上屏幕无可挑剔，就是电池扛不住。,5
25,外形外观：很满意\n屏幕音效：很中听\n拍照效果：很真实\n运行速度：很快捷,5
25,最后一代note了，一定要买。这个方方正正的外观简直太爱了，865+的处理器性能足够用而且发热量不高。最重要的就是这根笔，办公利器，提升工作效率。,5
25,外形外观：金色很惊艳，没选错\n屏幕音效：3k屏，外放比得上个小音箱\n拍照效果：还没来得及测试\n运行速度：865+，不用怀疑了,5
25,手机很漂亮，手感很好，用起来飞快，也不会发热，就是电池不够耐用，其他都很好,5
25,外形外观：漂亮大方\n屏幕音效：没的说，十分\n拍照效果：好，感觉比肉眼看到的还清楚，超级喜欢广角拍摄\n运行速度：快\n待机时间：稍有不足,5
25,一年前买了note20ultra，没想到一年后，用了那么多手机下来，又买了一次note20ultra，一如既往的感觉，很好，发货不是太快，同城速配，居然不是当天送到，无语?，别的一切都好,5
25,外形外观：方正美观\n屏幕音效：屏幕靓丽，音效很棒\n运行速度：运行流畅,5
25,手机收到了，看着非常漂亮，屏幕很给力，系统流畅，好评好评,5
26,没有想像中的那么大，但手机真的很漂亮，方方正正的很有商务范，很喜欢，到手检查未拆封，很完整，,5
26,外形外观：非常漂亮，非常喜欢。?\n屏幕音效：非常好?，效果一流。\n拍照效果：非常棒，是我喜欢的那一种。\n运行速度：非常非常快。\n待机时间：还可以?先观察一段时间。\n其他特色：以后再说,5
26,在s22和note20之间选择了这一台，性价比简直不能更高，手感轻盈，参数放在22年可以说还是安卓阵营的一名猛将。一直用低刷的苹果突然换到120高刷简直不要太爽！还有好多安卓的功能还得适应适应，但是目前给我的感觉是很棒的,5
26,外形外观：占屏比例很高，感觉就像是拿着一块屏幕一样，满足感很强，迷雾金的后盖，磨砂质感很好，污渍一擦就掉。\n拍照效果：后置凸起一亿像素名不虚传，AR也很有趣\n运行速度：12G的内存没多大必要，日常主力机使用非常充足\n待机时间：2k120hz不能同开，在只开启120hz的情况下待机时间挺鸡肋的，没有想象中的持久\n其他特色：游戏测试，在超频865p的情况下，温度各个方面碾压888,5
26,"作为三星NOTE系类忠实用户，从NOTE 2一直用到NOTE 20，刚刚拿到这款迷雾金12G+512G顶配三星NOTE 20系列手机, 迫不及待第一时间开箱，分享一下使用体验 外形外观：主推的迷雾金颜色惊艳，低调奢华质感，手机外形方正，边缘曲度较小，过度自然，简洁大气，商务气质； 屏幕音效：6.9英寸大屏幕，超高屏占比，屏幕显示色彩丰富，赏心悦目，音质播放清晰，有环绕音效； 拍照效果：5X光学变焦，50X超高分辨率变焦，1.08亿广角摄像头，强大性能配置支持拍出精致细腻画面和高品质的8K影片, 为后来的图片/影像处理和编辑提供了充分选择和乐趣； 运行速度：运行速度超快，画面和多程序应用切换流畅自然，没有卡顿延迟; 待机时间：支持25W快充, 刚到新机，待机时间待评价; 其他特色：三星的点睛之作当然是S Pen, 不断持续升级，功能强大，书写拥有真实般的自然笔触，随时随地的息屏编写，会议记笔记，遥控拍照，图片笔记分享，是我使用率最高的S pen工作和生活应用功能，值得推荐购买的安卓旗舰手机。",5
26,外形外观：很轻薄，设计很好看。金色颜值爆表\n\n屏幕音效：2K效果，120刷新率，三星顶级屏幕一级棒\n拍照效果：测试样张色彩艳丽，对焦速度很快，夜拍一流\n运行速度：就一个字爽\n其他特色：其他特色：只有 三星 note  才是 note  s pen  赛高！！,5
26,我一直在用三星n特系列手机，那是真好，都是机皇啊，特别是屏，那是世界第一，通话清晰，系统流畅，音质好,5
26,6.9英寸大屏幕，超高屏占比，屏幕显示色彩丰富，赏心悦目，音质播放清晰，有环绕音效；运行速度超快，画面和多程序应用切换流畅自然，没有卡顿延迟;拍摄效果极其清晰，色彩柔和逼真。极限可放大50倍，放大后拍摄依然十分清晰。京东正品，送货很快，服务很好。,5
26,屏幕非常好，外观大气硬朗，系统也很好用，一直在京东买手机 大大的赞?,5
26,外形外观：硬朗霸气，尽显王者风范。\n屏幕音效：显示清晰细腻，音质上乘。\n拍照效果：相当好。\n运行速度：快。\n待机时间：日常一天一充够用了。\n其他特色：机身比S21大很多，S Pen书写手感很真实功能甚是丰富。,5
27,外形外观：颜值高\n屏幕音效：屏幕当然是好好好  音效超级棒\n拍照效果：夜间模式下拍的照片比我想像的好很多，其他的还没好好体验  就不说了\n运行速度：很流畅，这台滑动屏幕比朋友那台苹果12超大杯还要丝滑\n待机时间：一天没问题！充满电大概是一小时10分钟左右充满\n其他特色：买之前在这里看了很多评论  给我吓的！！到手后使用感觉超级棒，真不懂这么好的手机哪来的那么多问题。\n有一点 送的蓝牙耳机音质没想象中那么好，输入法打字回馈声有延迟。,5
27,外形外观：新颖好看\n屏幕音效：洪亮无杂音\n拍照效果：很不错\n运行速度：快\n待机时间：长\n其他特色：很好看，很有质感，不错的购物体验。物流很快。超级好用。外观更适合男生使用。三星屏幕也有保障。不错,5
27,外形外观：不错，背板可以当镜子了\n屏幕音效：120hz真爽，比60的强多了！\n运行速度：无卡顿，很流畅，运存剩余50%+，12G就是爽啊\n\n中度使用（w信+短视频）12小时后还能剩15%左右，整体很满意,5
27,期待已久的一部手机，虽然是两年前的安卓机皇，现在仍不失为一部好手机，很喜欢spen这个功能，可玩性很强。,5
27,外形外观：金色背板是磨砂的，屏幕大漂亮\n屏幕音效：清晰亮度高，音效不错\n拍照效果：自动对焦，Ai拍照，拍摄效果很好\n运行速度：很快，丝滑的感觉\n待机时间：一般，屏幕这么大，\n其他特色：一直用三星习惯了,5
27,颜值担当，用了几天觉得很不错,5
27,电视网评很好，性价比特别高，简直比某米好多了，强烈推荐购买，买了绝对不后悔！,5
27,外形外观：外观漂亮，做工精细，手感细腻，高档大气。\n屏幕音效：屏幕清晰，音效好。\n拍照效果：拍照清楚晰效果很好！\n运行速度：运行流畅不卡！\n待机时间：待一天。\n其他特色：档次高是手机中的珍品！,5
27,非常好的手机，做工好，屏幕清晰，笔好用！除夕活动购买，非常划算，京东物流快，春节无休，非常满意,5
27,外形外观：迷雾金，这个颜色真的很有格调，很美很迷人，迷之喜爱\n屏幕音效：全球最好的屏幕，没有之一，尤其是曲面越来越小了，喜欢\n拍照效果：1亿的效果，哈哈，真的无敌，尤其是放大后，依然很清晰，很给力\n运行速度：骁龙865+不是盖的，速度嗷嗷快，农药缓冲的最快\n待机时间：我对待机时间没什么要求，反正随时可以冲\n其他特色：从note2到现在，除了爆炸那一代没用过，其他的都没错过，支持,5
28,外形外观：精致，惊喜\n屏幕音效：华丽，炫酷\n拍照效果：惊艳，完美\n运行速度：快速，厉害\n待机时间：正常，还行\n其他特色：笔相比N10+，有点磕碰就容易掉出来,5
28,外形外观：很大，适合男生用，大了的话适合手大的\n屏幕音效：这个不错，手机外放试过，音质很好，屏幕显示，色彩这些都不错。\n拍照效果：很好很好，拍照真的绝了\n运行速度：这个也很绝，运行很流畅,5
28,一直喜欢三星手机的外观设计，非常的美观，屏幕不用说非常完美，照相清晰度高，性能卓越！以前都是用的S系列，这次使用Note系列，发现中&hellip;&hellip;,5
28,屏幕音效：买三星就是冲着屏幕买的，无可挑剔。关注很久了，不愧曾经的安卓机皇，现在也不过时。三星手机就得过一年再买，超值。,5
28,外形外观：直角外观设计非常好看\n屏幕音效：三星最强屏幕\n其他特色：金色很有档次,5
28,第一次用三星手机，刚开始不适应，用了一天感觉还不错，运行速度很快，拍照还行，京东快递早上下单，下午收到货。,5
28,外形外观：非常大方漂亮，手感非常不错\n屏幕音效：屏幕效果一流，音质不错\n拍照效果：拍照很好，尤其是白天，夜晚也非常棒\n运行速度：快，不打游戏。\n待机时间：这个有点捉襟见肘，基本一天一冲\n其他特色：第二次购买note20u，最后一代了。新出的s22已经不支持内存卡。,5
28,早上下单，下午到。就喜欢三星这款方正大屏。拍照很好，许多黑科技正在摸索。,5
28,外形外观：做工超精细，手感很好，尤其是背面的有点磨砂的感觉很好，不沾指纹。\n屏幕音效：毕竟是三星的旗舰，屏幕效果一流，音效很棒。\n拍照效果：功能很强大，拍照很清晰。\n运行速度：虽然是865，但是运行非常流畅。\n待机时间：刚开始用，还不太清楚待机怎么样，希望会好。\n其他特色：手写笔功能强大，使用超级方便。,5
28,外形外观：外观高大上，屏占比巨大，基本脱离单手操作，整体简直就是一件艺术品\n屏幕音效：屏幕显示色彩丰富，环绕音效太棒了\n拍照效果：拍的照片很清晰，细节处理也很到位，顶级水准\n运行速度：用了快2个月，总体很顺畅，没有卡顿现象，各类主流游戏毫无压力\n待机时间：4500毫安电池略显不足，中度使用一天一充\n其他特色：S pen绝对是一大亮点，目前还在摸索中,5
29,屏幕音效：三星是买屏幕送手机，音效也很哇塞\n拍照效果：没有想象的好，拍近照聚焦迟缓\n运行速度：中规中矩\n待机时间：崩溃边缘，中度使用一天两充\n其他特色：方正外形，超大屏幕。尤其是spen好用,5
29,外形外观：大气，英朗\n屏幕音效：顶级屏幕，音效顶级\n拍照效果：50倍是真的好\n运行速度：非常快，电池别用快充，用一般的充电器充电用的时间长,5
29,可以说送货，速度非常的快，从下单到晚上的8:00到第二天的，9:00就收到了，手机刚心情很激动，这个手机的质量还是很不错的颜值，外观都很好，重量感还是有的，但是好在整个机身比较的均匀拿在手上也不会太难受，至于Spen那就非常的不错了。,5
29,外形外观：大小正合适，尤其是厚底非常合手\n屏幕音效：屏幕色彩鲜艳，分辨率高。\n拍照效果：摄像头清晰度高，且抓拍功能突出。在光线较暗的情况下，拍摄效果也不错。\n运行速度：得益于256的内存，运行速度相当快。没有卡顿和发言热的情况。,5
29,挺好看的，运行速度很流畅，充满电用四个小时剩60的电。之前三星苹果换着用，感觉用三星比苹果舒服。目前一切正常，用段时间再追加。\n外形外观：漂亮\n屏幕音效：好\n拍照效果：好\n运行速度：快\n待机时间：一般\n其他特色：笔,5
29,之前用的note10+，用了两年了，正好遇上好价就换了note20u\n外形外观：非常好看，方正造型，特别是正面，颜值极高\n屏幕音效：毕竟屏厂，买屏幕送手机了属于是，120hz特别丝滑\n拍照效果：拍照也挺不错，在2022年仍然十分能打\n运行速度：很流畅，865+不比888和8gen1强？\n待机时间：待机时间挺长的，基本一天1到2充吧\n其他特色：s笔学生党必备，手写太舒服了，记笔记很方便,5
29,外形外观：外观惊艳 目前最好看的\n屏幕音效：屏幕音效完美\n拍照效果：高像素拍摄视频有防抖很实用\n运行速度：很流畅还未发现卡顿现象\n待机时间：够用\n其他特色：颜色很骚,5
29,送来速度非常快第二天就到了，一开始看这个评论担心很多问题打游戏断流，摄像头装歪有灰尘，费电，充电慢，用上了之后发现根本没什么担心的。摄像头摇晃会响是真的，但是打开后置摄像头又没有声音了，我想应该是变焦或防抖之类的缝隙大，总体来说没什么问题。\n屏幕看电影真的是特别舒服，还有玩游戏，真对得起我的期望。另一个就是因为我手大特别喜欢大屏的手机，这回也算心满意足了，操作无压力。摄影功能也非常强大，拍出来的照片和视频都特别好，音质也好。\n不错的手机，真的不用担心太多\n外形外观：适合男人，大气\n屏幕音效：说顶级不为过\n\n拍照效果：非常好\n运行速度：畅快\n待机时间：用的时间长不错，虽然充电不是特别快但是可以接受(大概一个半小时多)\n其他特色：S pen挺方便的,5
29,越南制造，很不错，纠结了s21u和n20u最后决定买的20u，全新，手机就像女人一样，还是新的好，二手别人玩过的你们也想玩？那显得也太不值钱了吧\n外形外观：外观大气\n运行速度：流畅\n待机时间：刚收到货，没用呢,5
29,外形外观：比较商务，两边屏幕两边微弧，看着比较舒服。\n屏幕音效：音效还可以，屏幕看着特别舒服，画质清晰，看久了，眼睛也不累。\n拍照效果：拍照相当好。\n运行速度：这个超出预期的，自动模式下非常流畅，显示已经非常惊艳了。\n其他：自带APP多数是可以卸载的，玩几局LOL手机也不热，手机电量从20%-100%大约1小时。\n之前用的是苹果8P，旗舰机的安卓还是相当可以。,5
30,给女儿买的，同一型号不同销售模式走了一遍，发现还是得要买正价货，否则你会反复经历退货购买的麻烦，虽然每次退换货商家态度很好但也总是麻烦还耽误时间。这是女儿继当年的里程碑后再次使用三星手机，说非常好用，特别是配的笔可以有效提高工作效率，总体还是很满意的，推荐购买,5
30,外形外观：漂亮\n屏幕音效：好\n拍照效果：非常好比苹果X\n运行速度：现在挺快\n待机时间：我觉得还好\n其他特色：那根笔很喜欢\n最后一次用三星是note3，用了段时间，死机，自动关机，实在没办法使用，到了苹果阵营这么多年就没离开，想换个样子，也换个心情，希望能用的住，现在很快，屏幕艳丽，系统觉得还是比不了苹果，但是机器的惊艳度就比苹果高太多了，还有就是不习惯这么大屏幕，可现在是趋势，也没得办法，没深度使用，用段时间再说,5
30,外形外观：方正，真的直男最爱\n屏幕音效：音效无敌级别\n拍照效果：拍照真的可以，对比苹果，好太多\n运行速度：865＋的处理器\n待机时间：有待观测，毕竟第一天使用\n其他特色：屏幕素质太舒服了，流畅，舒服，三星老粉了,5
30,"用了三代三星，选三星这款note20 utra，有以下原因。首先没有一家科技公司能像三星这样做到全供应链可以依靠自己，供应链有无可比较的优势，然后，个人觉得note20utra 是三星N系列目前的最好手机，设计惊艳，手感好到爆，颜值特别高，加持spen，解锁各种新玩法。Bixby,Samsung pay给**常带来很多方便。一亿像素，想怎么拍就怎么拍。高刷加持，玩游戏流畅度很好。不过这个手机还是有点大屏，基本要双手操作，也可以选单手模式。总之，安卓机皇还是很不错了。",5
30,外形外观：漂亮\n屏幕音效：显示通透，杜比环绕声音\n拍照效果：成像不错\n运行速度：杠杠的\n待机时间：开省电模式，把后台设置好，也可以。\n其他特色：高端大气上档次，再说一遍屏幕显示非常通透，音质特别好，安卓阵营南波万！,5
30,三星忠实粉，从W2014，Note4，Note8再到Note20 Ultra 5G，手机搭载骁龙865+操作系统运行非常流畅，6.9寸全视大屏，手机中的颜值担当，三星的屏幕也超级赞，妥妥的业内第一。拍照1.081超高像素，AI一键多拍，专业视频拍摄。新改良的散热系统及通过5G+WiFi技术缩短游戏延时，玩游戏更加的爽。4500Ah电量续航更久，可以随意的玩游戏看视频。赠送的耳机也很不错，音质清晰，降噪功能很棒，玩游戏的时候佩戴听到的游戏声音非常震撼仿佛身临其境，完美贴合耳蜗长时间佩戴也不会觉得不舒服。,5
30,非常漂亮的手机，配件齐全，非常漂亮值得购买。其他等测试了在来评价，很喜欢。\n外形外观：十分漂亮\n屏幕音效：很棒\n拍照效果：一流的水平\n运行速度：非常快的速度\n待机时间：有待测试\n其他特色：颜色太棒了,5
30,外形外观：很喜欢三星的手机，设计看起来很出众。\n屏幕音效：杜比的音效是真的好，声音也很棒。\n拍照效果：三星的拍照不用解释，杠杠滴。\n运行速度：12+256的使用起来没一点压力，很流畅。\n待机时间：使用一天下来没问题，不打游戏。,5
30,物流点赞，上午付清尾款，下午到货，选了很久，最终下手，颜值吸引，操作流畅，屏幕鲜艳，功能强大，书写笔流畅实用，正正方方，曲屏始终不习惯。看了很多评论，实用后证实差评不是作的，硬伤问题，耗电超快，充满电量过夜，完全不动机器七小时耗电8％，同样操作对比，4年华为P20，仍然百分百，。白天更不用说，亮屏5小时，耗电70％，选这机器，如在外面用，请备好充电宝。,5
30,外形外观：外观不错，做工精细，无瑕疵。质感也很好。超出预期\n屏幕音效：屏幕色彩准确，亮度高。无偏色，观感很好。音效中规中矩，无明显不足。\n拍照效果：符合预期。广角和长焦距都不错。\n运行速度：非常快，超出预期\n待机时间：符合预期。充电很快。无线充电速度也可以。,5
31,"结婚九周年，给老婆换了note20U，大小和NS的屏幕一般大，性能很强，回顾我们一起用过iPhone1，iPhone4，iPhone4S, IPhone5S，结果从三星S6E我们换到了三星的平台就再也回不去苹果了，上一个是S9+，用起来比苹果舒服多了，这次给老婆换到NOTE20 U，用到三星出NOTE50吧！",5
31,第一批拿到手，时隔四年再次使用三星。拿到手感觉就是大，系统运行很快，三星主题壁纸很多但是都要花钱。使用起来方便，拍照清晰。更多功能需要使用一段时间来看。整体不错,5
31,手机不错，很好用，喜欢很久了，才下单\n拍照效果：好\n屏幕音效：清晰度高\n\n外形外观：漂亮\n运行速度：块\n待机时间：长,5
31,"三星的忠实粉丝了，note9换过来的，性能优越，拍照优秀，手感顺滑，屏幕依然是最好的，最爱s pen, 头天下单，第二天就到了，完美三件套",5
31,外形外观：颜值天花板\n屏幕音效：很好\n拍照效果：很清晰干净\n运行速度：快\n待机时间：正常使用一天还能剩20多\n其他特色：spen是灵魂，很好很强大！,5
31,外形外观：很惊艳，方方正正的，自己喜欢的样式。\n屏幕音效：屏幕顶极，显示很犀利，色彩鲜艳。声音很大，让我想起了老人机那巨大喇叭声音。\n拍照效果：只能说还可以，基本满意\n运行速度：可以\n待机时间：真是垃圾啊,5
31,外形外观：直角大屏很大气。\n屏幕音效：三星屏颜色确实比别的品牌机子的颜色鲜艳。\n拍照效果：日常用，广角和像素够了。\n运行速度：12G的内存，肯定会快很多。\n待机时间：不玩游戏，只上网，够用一天。充电快，出门大半天不需要以防万一带充电宝了。,5
31,天天想，天天盼，我心仪的手机终于大降价啦！20U大屏大气，一亿像素，功能强大，敏捷好用，真正的一代机皇。,5
31,安卓机皇，屏幕亮丽，目前为止最好的，没有之一。音效出色，速度刚刚的。。。拍照效果出色，续航能力稍有不足，总体很满意。。,5
31,色彩鲜艳，亮度很高，这块屏是nb，软件的人机功效还需提升啊，这个价位能买到已经很不错了。,5
32,大屏幕，曲边半径小，视野宽阔，这是最好的感受！护眼模式深度调节范围大，这是屏幕强的表现！每天正常使用，微信使用多些，用京东，不游戏，电量很够用！音效很好，拍照效果好，运行速度快！导航地图定位好，多种导航模块加持能不好吗！喜欢宽屏的感觉，看着握着都舒服！,5
32,拍照效果：拍照效果：很好 \n运行速度：极速\n5月23号被直播间小姐姐忽悠一下，5969大洋下了单。屏幕真心好，速度很快，拍摄质量贼好。这也是下单理由，对跳水王子没感觉，星粉都懂，包装是二次，里面有污痕，spen还不会\n待机时间：不好说 大电池也那样，冲的快，耗的也快。,5
32,三星手机还是可以的，我一直用三星这样啊，不用再学习太多东西了，而且他有一个换机助手，嗯，很多软件都不用再重新安装了，很多这个文件都可以直接传过来啊，省了很多事！！！！,5
32,手机收到了，像机不错，50倍的变焦很清晰，120hz很流畅，性价比很高，推荐购买。,5
32,三星note系列，外形华丽，功能强大。好货不便宜，这是一台笔记本电脑的价格，下手靠决心。这台机器优点多多，仅列举一二。第一是外形，精致而不凡。在爱疯出来之前，诺基亚，摩托罗拉，三星，索爱，一众国机，可谓是百家争鸣，各放异彩。那个时代，可以谈外形。如今的手机，都是一个样子，圆角四边，一块大屏。手机同质化非常严重。而这台机器的外形又有何出彩之处呢？其实是优良精致细腻的做工，尤其是色彩。黑白棕，看似大众化，实际上又完全不同，真机的观感非常舒服。第二是屏幕，第二代动态AMOLED大屏，6.9寸，算是目前比较大的屏幕了。这块屏幕最大的优点就是晶莹剔透，像一块美玉，不惧阳光，无论多明亮的太阳光照，它都明亮清晰，阅读体验实在太棒。第三是拍照，高像素其实是噱头，它真正厉害的是弱光环境下的超凡画质，还有五倍光变加持，出门可以不用带相机了。缺点，电池是短板。三星的机器历来如此，估计设计师都忙其他去了，谁也不待见电池的节能高效这回事。总之，瑕不掩瑜，这是目前最好的NOTE。,5
32,照了几个片，比老note10快，精度高，颜色饱满，总体而言，从外观颜值，运行速度，相片效果来说还是物有所值。相机已经完全秒杀小单反了。玩几天再追加评论。,5
32,不错。。。。。\n屏幕音效：屏幕顶级，音效很好\n外形外观：外观商务化，spen,5
32,一直用三星，质量扛扛的！这款用了一个多月了，玩手游也没发热！全天频繁开着手机（音乐、小说、新闻），需再充电！否则一天足够。画面清晰！！照像质量真不错！谁用谁知道！,5
32,"又回到三星NOTE了，感觉更好。。\n曾经用到NOTE2 ,NOTE4,准备升级的是侯发现N8不让登机，只好换华为妹的，真实体验还是一只惦记这个SPEN。\n看这款note20U还不错，果断下手。体验非常好。\n外形外观：大气商务，非常好。\n屏幕音效：屏幕不发热，看着非常好。购物值得信赖。\n拍照效果：相机非常专业，尤其是多倍变焦。\n运行速度：流畅运行，没有等待。\n待机时间：正常吧，可能就是提升空间。\n其他特色：完美。\n京东",5
32,一直都是用三星，除了是国外品牌其他都好，\n外形外观：手感好外形漂亮??很喜欢，比较满意的一次购机。,5
33,屏幕音效：完美，目前最强的影音体验\n拍照效果：完全够用，拍出来的也十分喜欢\n运行速度：相比之前的S10，简直飞快\n外形外观：十分惊艳惊艳,5
33,外形外观：非常大气精美\n屏幕音效：音效效果超越前几代，音量也很大\n拍照效果：夜拍清晰\n运行速度：速度快，无卡顿。\n待机时间：早上8点至下午5点，中度使用一天还余下30%左右的电量，关键是充电速度快，半小时可以充60%左右\n其他特色：需要吐槽的是，三星健康里的功能减少了，心率测量，压力测试等功能都没了。,5
33,做工精细极其精致。堪称完美！！！屏幕显示清晰流畅！没有卡顿可以畅玩任何大型游戏看电影贼爽拍照那就不用说顶啊！！！,5
33,之前用note10+的，用了这个之后，感觉还是很好的,5
33,一直用三星，大9用了三年了，除了电池不行其它很优秀，n20ultra 最后一代N系非常值得收藏，看到活动果断下单。,5
33,外形外观：方方正正非常好看。\n屏幕音效：显示非常细腻，120hz刷新非常好。\n拍照效果：图像清晰，50x变焦很给力。\n待机时间：中度使用一天没问题。\n其他特色：note系列spen yyds,5
33,外形外观：端庄典雅\n屏幕音效：清晰浑厚\n拍照效果：惊艳无比\n运行速度：流畅至极\n待机时间：出乎意料\n其他特色：相当满意,5
33,一直用的三星，之前都是用的s系列的，这次换的noet系列的的确很惊艳，迷雾金很漂亮,5
33,外形外观：工业设计一流\n屏幕音效：很不错\n拍照效果：挺不错的\n运行速度：性能过剩\n待机时间：还不错\n迷雾金就不用说了，很美很美，拍照效果还不错，性能基本过剩，反应速度很快，之前关注这款手机很久了，双十一果断下手，拍照效果可以参考图片，没有后期制作过，挺好的,5
33,外形外观：完美  仔细检查一下没有外观问题，镜头无灰，这次的note20ultra金色很好看，已经套上了官方皮壳有档次！,5
34,拍照效果：很棒 不需要加滤镜的那种\n外形外观：直屏很惊艳\n运行速度：很快\n屏幕音效：不错\n这一次送的快充头 大大加快了充电速度 很快就能充好 真的是这个摄像头救了很多不是很好看的画面,5
34,外形外观：漂亮\n屏幕音效：音质很棒，比我现在用的note8好很多\n拍照效果：照片清晰\n运行速度：快\n待机时间：耗电有点快,5
34,外形外观：简直了这就是个艺术品，买回来供着，不愧是第一梯队的工业设计和做工水平\n屏幕音效：顶级屏幕音效，还有自适应高刷\n拍照效果：放在2022年也能跟新旗舰比肩\n运行速度：挺快的\n待机时间：一般\n总之很满意，嘻嘻,5
34,外形外观：手机是曲线屏的，黑色的还是很漂亮的，而且屏幕也够大，看着方便。\n屏幕音效：很清晰\n拍照效果：喜欢，买它就是图的是这个，还有Ai拍照，爸爸喜欢\n运行速度：目前看着还是很快的，看看过几天什么效果。\n其他特色：快递真的不能再好评了，昨晚下单的，今天就到了 。,5
34,一直在用三星n系列，高端大气上档次，很喜欢这个品牌的这个系列，比对很久还是选择了他，不过这次镜头外凸差点儿意思。,5
34,大小合适，手感很好，运行速度快捷，特别是手写笔，质感很好，就像用钢笔在稿纸上写字一样，功能强大，电池很耐用，充电速度快，升级新系统后，更省电了，不愧是安卓机皇。,5
34,外形外观：美美哒\n屏幕音效：足够大\n拍照效果：完胜\n运行速度：略胜一筹\n待机时间：有待加强\n其他特色：快捷键太好用了,5
34,外形外观：商务大气上档次\n屏幕音效：清晰悦耳\n拍照效果：清晰色彩艳丽\n运行速度：超爽\n待机时间：一天\n其他特色：大气上当,5
34,机子到手特意用了一段时间才来评价，机子屏幕质量非常不错，新手机待机也挺好的，对手机很满意！,5
34,外形外观：曲面屏够大，硬朗，\n拍照效果：夜景效果不错\n运行速度：够快没卡顿\n待机时间：基本一天够用，充电很快,5
35,屏幕音效：很好\n拍照效果：非常好\n运行速度：我不玩游戏，我的闹特8还在用，现在的20更没问题\n待机时间：感觉一般\n其他特色：正在体验,5
35,大家各位亲爱的小伙伴们你们大家下午好，首先呢本人在这里非常高兴能够获得一次评价的机会，三星手机的京东自营确实棒，手机生产日期新鲜，全新未激活，手机非常的好用，顺畅，颜值异常的高，身边的小伙伴们看到都羡慕我，拍照清晰，屏幕比苹果的好太多了，推荐大家一起买,5
35,外形外观：非常漂亮。音响效果好。充一次电可以用一天。我可没打游戏。很惊艳。很多功能有待探索。\n运行速度：非常快,5
35,外形外观：恰到好处的曲面\n屏幕音效：低音沉，中音稳，高音透\n拍照效果：还原真是色彩\n运行速度：流畅\n待机时间：不是重度用户，一天时间够用\n一直抢MATE40，没抢上。双十一，价格很到位。前两天优惠800，送耳机，价格也可以了，。果断入手，用惯了EMUI，这个需要适应一段时间。,5
35,外形外观：时尚大气，一年多了也不过时。\n屏幕音效：很不错\n拍照效果：很好很强大，对得起这个价格。\n运行速度：不愧为旗舰机，操作非常流畅。\n待机时间：使用一天没问题，重度使用6个小时没问题。\n其他特色：充电时间1小时，电量还剩30％时。\n买了几天了，感觉非常不错，选这个没有问题，战斗两年不是事。\n京东送货真快呀，晚上10点下单，上午8点多就收到了。,5
35,外形外观：辨识度高，设计感好。手感好。买的最大原因还是笔\n屏幕音效：声音洪亮，环绕立体\n拍照效果：无敌，拍照很重要的功能\n运行速度：运行速度：飞快 ，机皇肯定不是白给的,5
35,外观还是很不错的，看起来很舒服，手感也不错。屏幕显示效果确实很好，色彩鲜艳，刷新率也很高，一点也不卡顿，拍照的效果也挺好的，夜景很出色。运行APP的速度也很快，丝毫没有一点点卡顿，特别快。物流配送也很及时。,5
35,三星旗舰级手机，品质很好。黑色商务而稳重。整机分量不轻，屏幕很大，色彩艳丽，刷新率高。但是同样带来的是比较费电。操控性很好，很容易上手。但是信号品质一般。没有高瓦数的超级快充技术，应对日常使用没问题。,5
35,外形外观：开箱的第一眼就惊艳到了，一直想买samsung的，刚好有活动，外观感觉配上这个金色无敌\n屏幕音效：音效也可以，开机后试了一下，屏幕不用说 samsung的屏幕一直很能打，还有自适应120hz，整体显得很流畅，开机体验感很好\n运行速度：速度很快，12+256的配置可以用很长一段时间了\n包装也很给力，礼盒装的，有两个手机壳，还有25w原装充电器，后续再用用再追加评价吧，这次入的没问题,5
35,很漂亮的金粉色，上手质感超级高级der ~入股不亏，双十一价格超实惠，想入手的姐妹直接冲就完事儿了,5
36,宝贝收到了，质量很不错，包装精致，材质优秀，比想象中好，第一次买三星，就是奔着屏幕，s-pen。好用流畅丝滑,5
36,关注note20 ultra 有一年时间了，最近京东有优惠赶紧下单，京东物流更快，很快就收到货，迫不及待打开盒子，这屏幕太震撼了，精致之极！\n三星手机做工追求精雕细琢，拿在手里，简直就是一件艺术品。全世界手机材质工艺，创新技术的翘楚。可以说，note20 Ultra昨日的机皇，放到今天同样吊打苹果华为。\n外形外观：大气方正，商务气息浓厚。强烈的辨识度，唯我独尊的霸气，自然流露。\n屏幕音效：清晰明亮。\n拍照效果：色彩自然。\n运行速度：很丝滑，运行十几个后台，没感觉卡顿。\n待机时间：我不玩游戏，正常使用一天半。\n其他特色：OneUI 3.1  高度自定义化界面，让你流连忘返，陶醉其中。,5
36,ddys,5
36,外形外观：颜色很好看\n屏幕音效：屏幕效果很好\n拍照效果：没得说\n运行速度：很快，毕竟120hz\n待机时间：还没测试\n其他特色：三星屏幕还是很惊艳的，运行速度也很快，感觉比note10+要快上不少，拍照很稳，毕竟一亿像素啊，具体的性能还要好好体验一番，赠送的机壳就一般般了,5
36,用了几天后出现了拍照模糊，不能对焦的问题，当时咨询客服说应该是主摄像头坏了，之后寄回京东想换货，京东检测没问题，但是之前确实出现了上述问题，我还把当时拍照的原图（模糊，无法对焦）发给了客服，算是留下了证据，本领用几天的机器出行故障就令人很不爽了，现在换也不给我换，我从s8+用到s10+再到note10+再到现在的note20u，可以说是三星的忠粉了，但是三星的售后确实是很有问题，以后也不会再买，就这样，三星，拜拜,5
36,"手机外观漂亮,颜色好看,背面十分大气。拍照清晰,夜景拍摄一点不受影响。手机宽度感觉正好,操作起来很方便。系统十分流畅,满意！",5
36,下单后第二天就送到了，快！！！运行速度快，拍照效果很好，屏幕超大给力。,5
36,外形外观：中规中矩，比较大\n屏幕音效：非常非常好，效果很好\n拍照效果：很强大\n运行速度：很快\n待机时间：正在使用，还可以\n其他特色：优惠活动，值得拥有。,5
36,手机试用了好几天，是正品，速度很快，颜色非常好，手感也很棒，高端大气，很好的手机！不错的卖家,5
36,屏大 外形比较好看硬朗 三星屏非常通透  日常不打游戏使用 一天够,5
37,屏幕音效：顶级中的顶级?\n外形外观：很符合我的审美，方方正正\n拍照效果：顶级中的顶级?\n运行速度：超一流顺滑\n待机时间：还不错\n其他特色：S-pen超好用,5
37,用了一个多月了，整体感觉很好，续航能力不错，但没有想象的那么久，性能杠杠的，操作系统没有冗余，广告不多，玩有游戏很流畅，编辑文件那是吊打所有安卓和苹果手机。颜值也非常好。不后悔买三星！,5
37,跟描述的是一样的，安卓机皇，很显高档，物美价廉，要买的朋友可以下单噢！,5
37,用的太爽了，第一如既往的好品质，非常喜欢的一款产品，非常棒！第四部三星旗舰，三部note,5
37,外形外观：很喜欢\n屏幕音效：不错\n拍照效果：下面有图\n运行速度：超快\n待机时间：一般\n其他特色：外观好看,5
37,外形外观：漂亮\n屏幕音效：相当满意\n拍照效果：眼前一亮\n运行速度：流畅\n待机时间：一天,5
37,前前后后用了四五款note系列了。每一款都能用两三年。挺喜欢的。\n22u价格太高。果断入手20u吧。算是给最后一代note系列命名做个收尾。\n如果多个60w快充。加2k  120刷新双开。那真完美了\n外形外观：经典\n屏幕音效：完美\n\n拍照效果：有卡顿。相比10提升不少\n运行速度：865可以的,5
37,外形外观：外观一流，我就喜欢这方方正正的商务气息浓厚\n屏幕音效：三星最好的屏幕自己用，比我的13PM要好多了，虽然是2020年的旗舰\n拍照效果：拍照那必须是第一梯队，我用够了\n运行速度：865p，玩游戏没问题，发热量也比888低，现在依然很能打！,5
37,外形外观：漂亮大方视觉感强\n屏幕音效：音质上乘屏幕清晰\n拍照效果：拍照清晰夜拍惊艳\n运行速度：反应超快不卡顿\n待机时间：非常不错充电速度快\n其他特色：spen记笔记方便,5
37,用三星Note20U拍了几张照片非常清晰，色彩出众。,5
38,外形外观：方方正正的外形，很大气\n屏幕音效：三星的屏幕，必须是顶级的，选择三星的重要原因之一。\n拍照效果：拍照中上游，满足日常生活用，很棒\n运行速度：安卓旗舰，搭配oneui，流畅的很\n待机时间：电池不太耐用，哈哈\n其他特色：送了buds live耳机，很好。手机加耳机不到8k，还可以。原装皮质壳手感很好，推荐。,5
38,退差价了退差价了，更划算咯。,5
38,手机非常漂亮，非常满意。\n外形外观：大气漂亮\n屏幕音效：精细艳丽清晰\n拍照效果：高质量\n运行速度：速度快\n待机时间：满意,5
38,外形外观：大方美观\n屏幕音效：显示效果一流 旗舰级别\n拍照效果：效果不错\n运行速度：够用\n待机时间：中等偏上\n其他特色：颜值高,5
38,一直在京东买手机，\n外形外观：很喜欢，方方正正\n屏幕音效：三星顶级屏幕\n拍照效果：很清楚\n运行速度：很快\n待机时间：没有具体测试\n其他特色：漂亮,5
38,除了指纹有时不灵敏其他还好,5
38,用了两星期了，这手机很好用，功能强大，颜值**！\n只是电池续航一般，照片色彩偏冷，镜头摸块真心的高哦！\n综合来说还是一款不错的手机，对得起1年多前的机皇称号！,5
38,外形外观：有棱有角，方方正正！经典款式\n运行速度：流畅无卡顿，无任何问题\n其他特色：经典note最后一代\n屏幕音效：显示效果逼真，分辨率无解,5
38,三星手机真的很好，\n外形外观：好看\n屏幕音效：高清\n拍照效果：好\n运行速度：快\n待机时间：长,5
38,工艺精致，手感很好，屏幕显示效果一流，相机效果很好，硬件各方面都不错，系统流畅，21年10份出厂的机器，黑色很大气，续航能力差点。京东快递速度非常快。,5
39,运行速度：快 流畅\n拍照效果：随便拍出来都是大片\n外形外观：迷雾金真心好看\n屏幕音效：屏幕YYDS\n待机时间：一般,5
39,外形外观：方方正正，规规矩矩\n屏幕音效：清晰明亮，清脆悦耳\n拍照效果：一亿像素，画面精湛\n运行速度：如臂使指，行云流水\n待机时间：白驹过隙，日月穿梭\n其他特色：首先机子还是不错的，尤其是带的那个 Spen 是真的很不错，滿满的商务范，用起来也非常的方便，如果习惯了写字会非常的快；接下来就是屏幕了，三星的屏幕那是相当的亮眼，清晰明亮逼真；最后就是拍照摄像了，旗舰机的相机那真是&hellip;&hellip;,5
39,真香，除了价格，哈哈?\n待机没测，刚拿到手，暂时还是比较完美的。,5
39,外形外观：非常棒，非常好，个人感觉比10好一些，高屏占比，\n屏幕音效：永远不用担心三星的屏幕，它就是业界最好的，显示细腻，而且120hz高刷，玩游戏也是很好的，\n运行速度：运行速度很快，不卡顿，非常流畅。\n拍照效果：拍摄效果不错，毕竟用的大底，有空去拍夜景试试,5
39,和之前用的note 8相比，屏幕的亮度高了不少，整个屏幕清澈透亮，色彩鲜艳，整个屏幕也大了一圈，尤其明显的是几乎看不出边框了。外放音乐的时候音质非常出色，几乎接近于音箱的效果了，这一点特别值得超赞。技术堆砌的后果是重量也提高了不少，相比note 8，手感沉了一些。自带的屏幕膜效果不错，一开始我都没觉察出来，一直坚持不用贴膜的我在准备撕掉它的时候犹豫了一下还是保留了下来。对于高刷无感，可能是不用手机玩游戏的原因吧。指纹识别的速度还可以，需要适应一下。双击电源键拍照很方便。运行速度很是顺滑。物有所值。拍照效果也很是惊艳。,5
39,外形外观：老款旗舰，还能再战\n屏幕音效：很不错，依然流畅\n拍照效果：很棒\n运行速度：顺畅\n待机时间：不错的\n其他特色：实惠，买吧,5
39,"外形外观：手感很好，开机后媳妇从不用三星手机的都说好。\n运行速度：很流畅，希望2年内还是这班丝滑\n拍照效果：照一流， 手持21+256对比，当然还是21+更真实\n待机时间：开机后下载各类APP,高强度使用后，电量还好，目前来看比我的21+掉电要慢很多\n屏幕音效：三星的强项业界第一\n  \n本人从18年s9+上市使用，到去年21+上市，5年换了3部从没失望过\n小建议:就是希望三星后期再电池续航方面有所突破和提高就更完美了",5
39,迷雾金颜色很漂亮大方，磨砂手感很赞，终于不是指纹收集器了。 屏幕分辨率清晰，图像显示很棒。声音好听 拍照效果好，一亿像素足够用 运行速度快 待机时间基本够用,5
39,外形外观：不愧为国际大厂，第一梯队\n屏幕音效：屏幕没得说，绝对第一，音效听不出来\n拍照效果：还算惊艳，1.08亿像素，还原色彩真实\n运行速度：流畅，不卡，主要也不打游戏,5
39,快五年\n了，系统运行一直稳定快捷，性能无可挑\n剔，但是年头久了，电池衰减，听简老化，\n也出现了烧屏，是该让他颐养天年了。因为\n我手机更换不频繁，所以更倾向买一部性能\n更稳定的中高端机，比较了同类型产品，\nnote20 虽然是面世快两年的产品，但无论外\n观设计、配置性能都不落伍，仍然一线梯\n队，对于**常使用也是绰绰有余，币且拍\n照功能也一直是三星的强项，所以果断出\n手，另外一点，20是note 系列的绝唱了，\n现在价格也优惠了不少，还是很值得入手\n的。详细感受再追评吧，反正开箱已经很惊\n艳了，完美！！！！！,5
40,一句话:若不放弃苹果，怎会知道三星的好？我从11年开始用苹果，现在用了几天然后再用iPhone就完全不习惯了。曾经用过盖世4，但是note20让我对三星手机完全改观了。流畅！！！摄像头也给力，超给力！然后电池绝对比iPhone要好很多，一天充一次就好了！还有颜色，很正！,5
40,外形外观：三星手机的外观一直很不错，特别是note系列\n屏幕音效：屏幕显示也非常好，音效也不错\n拍照效果：拍照方面有很大的提升\n运行速度：很快，但是12g有点虚标的感觉，什么都没开就剩5g\n待机时间：很短，玩游戏只能半天\n其他特色：手写笔很方便,5
40,外形外观：非常大气\n屏幕音效：杜比音效\n拍照效果：还没用过\n运行速度：用了在追加评论\n待机时间：用了才知道！,5
40,原本觉得手机太大了，用着用着就习惯了。不愧为超级旗舰，各方面都杠杠的，迷雾金很亮骚，拍摄功能很强大，夜摄模式很牛......说这么多，真不是为了50元京豆来的:-D,5
40,外形外观：方正，商务气息浓\n屏幕音效：显示效果一流，外放效果很好\n拍照效果：一流！\n运行速度：快！很快！\n待机时间：刚用，重度使用，一天一充\n其他特色：一直用三星NOTE系列，上一个NOTE8，用了两年，一点不卡，就是屏幕有点老化了，且不支持5G，所以才下决心换机的，用了两天，感受很好！附送了手机外壳和无线充电器，挺不错,5
40,迷雾金真的太好看了，太喜欢了，spen也不错 功能丰富，很喜欢三星，期待,5
40,后盖AG磨砂玻璃好评，手感好，质感好，做工精致，手感精巧轻薄，运行速度迅猛，续航优秀，大屏手机当做备用机、娱乐机，看看视频玩玩游戏用，可以用五年,5
40,大牌做工确实很好，虽然去年发布的，但是速度还是非常快！还有就是三星的屏幕确实好，显示非常细腻！电池也够用了。商务功能强大！，手感一流，总体很满意！,5
40,犹豫了几天，终于还是没有等s21，直接买这款了，主要还是看上笔了，触感很喜欢!结果我刚买了1星期，老公手机就坏了，以旧换新，正好配同款!,5
40,外形外观：非常好看\n屏幕音效：好！\n拍照效果：超级棒\n运行速度：没的说，很快,5
41,三星手机的工业品控还是值得信任的，屏幕显示质感无敌，120高刷运行流畅，整体做工精良，裸机拿在手上质感很好，手机很大，以为会很重，实际比较轻，相机也很棒，s pen用起来很方便，目前还在摸索，京东物流一如既往的快，总体来说很满意。,5
41,外形外观：外观中规中矩，没有太大惊喜，摄像头特别突出，算是一个槽点。\n屏幕音效：屏幕显示确实不错，很细腻。音效也是一级棒，比之前用的华为的mate10pro 好太多。手写笔也非常不错，很跟手延迟很小，比专门买来记笔记的讯飞X2办公本还好，但是手写笔应用场景有限。。\n拍照效果：拍照不错，比老婆iPhone 12细节保留的多。\n运行速度：新机速度非常快，希望能保持，之前用的华为mate10pro用了三年还是非常的快，这一点华为还是做得很不错。\n其他特色：bixby程序用起来还是非常不错的，某些特定场景用起来特别的方便\n缺点:不支持45瓦以上的快充，在这个时代充电速度有点慢。生物解锁速度特别的慢，比我三年前华为mate10pro还要慢很多。暂时就想了这么多，后续再补充。,5
41,屏幕指纹解锁真的是差劲，完全不符合当代三星旗舰机的定位。很少能一次解锁成功！,5
41,外形外观：美观\n运行速度：飞快\n待机时间：很长\n其他特色：设计精致\n拍照效果：很好\n屏幕音效：动听,5
41,第二天中午就送到了！终于到手了，真心好看，舒服，就是喜欢,5
41,颜值没的说，漂亮大气，尤其是屏幕，非常非常好看，做工也是严丝合缝，越看越喜欢，充电速度也非常快，一天只要充一次就可以，系统也非常流畅，三星一直在用，值得信赖，当然也是我用的习惯了没用过别的手机，不想改变了，拍照有点不足，总感觉色彩不鲜艳，不饱满，这方面需要再研究，看看是手机问题还是我设置有问题。,5
41,双11时购买的，比首发时便宜了不少。时隔多年重新用三星。的确和以前不一样了。三星的系统自主性很高，有很高的可玩性。要慢慢摸索。挺好的。,5
41,手机已经收到啦前天发的货昨天上午就收到了迷雾金上手太美了喜欢120hz的高刷新率很顺畅S pen 书写很灵敏和真实书写非常贴近太喜欢啦手感颜值屏幕声音效果都不错，习惯了三星的质感和高品质。吊打一切屏幕，色彩真实好看，换机助手贼好用，基本没怎么费心新机安装软件问题。很好,5
41,目前没啥问题，一直想要的机器，note系列的绝唱。续航好\n拍照效果：不错，不极限，很均衡\n运行速度：流程，主要是不热\n外形外观：?\n屏幕音效：第一梯队无疑，,5
41,外形外观：三个摄像头突出能少点就更加完美了\n拍照效果：三个摄像头拍照很清晰\n运行速度：运行速度奇快,5
42,外形外观：外观很漂亮，颜色很棒。\n屏幕音效：满眼全是屏幕。\n拍照效果：一亿像素很棒。\n运行速度：非常快。\n待机时间：还没连续使用，最后再追加评价。,5
42,外形外观：外观设计美丽漂亮大方，颜值高，比苹果手机都上档次。\n屏幕音效：屏幕可以说世界第一 ，音效效果非常棒。\n拍照效果：三星的拍照一如既往的好配上三星的屏幕，世界第一。\n运行速度：12GB运存无敌。\n待机时间：电池容量大，待机时间长，待机一天妥妥的没有问题。\n其他特色： SPen用上就停不下来就离不开它。,5
42,外形外观：黑色高端大气\n屏幕音效：最好的屏没有之一\n拍照效果：一亿像素不是浪得虚名\n运行速度：相当流产\n待机时间：还可以，正常一天一次,5
42,十年果粉脱粉上车三星?\n上次用三星手机还是S3的时候 现在从苹果生态转过来 发现三星现在真的很不错诶\n三星的工业设计和屏幕自然是顶级的，这个黑色太好看了 非常有质感的颜色\n换到三星真的太喜欢了，已下单buds pro,5
42,这屏幕真的是太好了，屏幕也大，清晰度也很好，传言中的买屏幕送手机，名不虚传，清晰通透，最担心的电池问题，也还好，可以一天使用，拍照没有感觉很强大，可能是我没掌握技巧，还在摸索中。,5
42,迷雾金这款颜值无敌了，遇到像素问题别着急，恢复出厂设置就可以啦，给客服打电话服务特别好，好评好评,5
42,外形外观：霸气，大气，\n屏幕音效：秒杀苹果\n拍照效果：够好够用\n运行速度：超级无敌\n待机时间：够用，\n其他特色：黑色超好看,5
42,今天趁着新品发售，果断入手，绝对物超所值！,5
42,手机真的是太惊艳，不愧为安卓机皇。拍照效果太棒了，运行速度超快，网速也特快\n外形外观：外观好看，绝绝子\n屏幕音效：屏幕效果特别惊艳\n拍照效果：拍照特别细腻强夺\n运行速度：运行速度超快的,5
42,****服务很到位，使用一周感觉十分好。续航还可以，屏幕表现最满意,5
43,外形外观：在气\n屏幕音效：效果好\n拍照效果：清醒得不得了\n运行速度：杠杠滴\n待机时间：比S21长多了\n其他特色：喜欢,5
43,外形外观：很时尚\n屏幕音效：清晰\n拍照效果：清晰\n运行速度：快\n待机时间：24h\n旗舰店秒杀价，很喜欢，虽然没有去验货，但应该是正品。,5
43,外形外观：非常漂亮，比预想的还美观，很喜欢这种方方正正商务风。\n屏幕音效：屏幕没得说，三星顶级，通透丝滑，目前还没有哪个手机厂商能以之一拼。\n拍照效果：拍照由于刚到手，目前还在摸索中，相信不会让自己失望。\n运行速度：很快，玩游戏丝毫不卡顿。\n待机时间：我开1080p自适应，亮度较小，昨晚11点94％的电，中度使用，到今天中午一点还有67％电量，还满意。\n其他特色：安卓名副其实的机皇，买的不后悔。,5
43,宝贝已经收到了，，，从伊始到拥有，走过差不多两年时间，阴差阳错的错过，再回眸，依旧，握在手心爱不释手，是喜欢的感觉，心心念念，温润如玉，丝滑的屏幕，流畅的运行，虽系统差不多落后个两代，却不会影响使用，喜欢玩的游戏都不成问题，最喜欢的还是这块屏幕了，色彩溢满，，情人眼里出西施吧，我感觉很出色了，刚使用时电量掉的太快了，后面更新系统，使用熟悉后好很多，没网上说的那么不堪，够用。,5
43,以前用过Not5是非常不错的，到现在还在给孩子用着呢！所以这次又买了Not20U，就是通话声音有点小，其它特别特别满意，超级好看，客服很有礼貌，很客气，良心商家，支持！,5
43,用了一段时间，过来评价。京东真不错，物流快的一批，东西也很稳，12月出厂的，几乎就是才生产就到我手里了，比起老手机进步很多，三星大厂，颜值不多说，性能也杠杠滴，推荐购买哈哈,5
43,大！手机太大了，用着很不习惯，但做工很精细，摄像头摇着会响，咨询售后说是正常的，京东物流一直神速，隔日达，还没弄懂笔怎么用，反应灵敏，迷雾金是磨砂质感高级，不会感觉很low，电池也还行，日常用一天一冲没问题，,5
43,外形外观：惊艳的宝贝，关注已久！\n屏幕音效：惊艳的屏幕色彩，超赞！\n拍照效果：无敌的拍照效果，赞赞赞赞赞。\n运行速度：快的不要不要的，超级超级超级快！\n待机时间：够一天工作使用，本人不玩游戏，轻松一天。\n其他特色：三星铁粉。。。,5
43,外形外观：外观方正大气，商务造型，适合办公及商务使用。\n屏幕音效：三星的屏幕没得说的，机皇都是用最好及最新的屏幕，双通道音效还算凑合吧。\n拍照效果：跟12p比不分上下，各有千秋。\n运行速度：卓机皇， 现在的三星手机系统比以前优化的很好了，运行速度扛扛的,5
43,外形外观：非常大器\n屏幕音效：屏幕很大\n拍照效果：感觉不错\n运行速度：确实很快\n待机时间：有点尴尬,5
44,外形外观：绝美\n屏幕音效：你可以永远相信三星的外放\n拍照效果：你可以永远相信三星的拍照\n运行速度：丝滑\n待机时间：一般\n其他特色：绝版机型，别犹豫,5
44,一直都是三星note系列拥趸，喜欢它的流畅感，喜欢它的运行速度，喜欢支笔的蓝牙拍照，书写编辑，喜欢它的色彩。note20u惊艳的是运行速度超快，拍照广角超靓，色彩效果不错。但是新机都好易耗电，电池不理想呀。,5
44,外形外观：打开之后被惊艳到了。颜值是真的高！\n屏幕音效：完美。\n拍照效果：这样的镜头配置。效果当然很佳。\n运行速度：12/256，机皇！\n待机时间：不错\n其他特色：配件齐全。\n希望三星能对中国市场重视吧，这样服务也就会好很多，当时就是因为这个有过犹豫。,5
44,服务太差太差了。不建议购买。\n别头铁，三星在中国市场占有率从45%，一度不到1%，现在回升了些不到3%。客观原因是有的，但是他们真的不在乎中国市场，前车之鉴后车之师！有想法的，建议买苹果都别买三星，最起码苹果还有服务和体验。国产现在也挺不错，性价比高，后悔给三星机会了，,5
44,2022年1月的机子。6.9寸屏幕+不错的音效看视频很震撼。接近晓龙870的性能，实际操作下来很流畅。CPU、高刷新率和高分辨率同时支持，拍照肯定比不上S21 Ultra，以及马上面世的S22 Ultra。但是如果这些不是特别在意的话，这个价格还是很值得入手的。,5
44,手机很不错，外观非常漂亮，这个迷雾金色的感觉非常好，背面是磨砂的也不会有指纹，手写笔功能很实用，屏幕很大，用起来很舒服的，像素也不错，拍照很清晰，后面的两张图是实拍,5
44,外形外观：三星一贯的经典造型，不妥协。\n屏幕音效：屏幕没的说，业界顶级。音效也属上层。\n拍照效果：还是三星传统理念，绚丽惊艳。\n运行速度：顶配！流畅丝滑，不容易杀后台。\n待机时间：轻中度使用妥妥的一天没问题。\n其他特色：三星应该是有数的两三个不对刘海妥协的品牌之一了！\n帮别人买的，机器没开封就给人了。之前用过上一代，新款肯定更好用了！,5
44,外形外观：外观非常漂亮，很喜欢\n屏幕音效：音效非常好\n拍照效果：拍照一流，还是三星的旗舰666\n运行速度：运行非常流畅，非常喜欢,5
44,追加几张图片，大屏就是爽，没毛病，希望以后系统能更新2k+120hz刷新率就完美了,5
44,外形外观：我最喜欢的曲面屏，100分\n屏幕音效：看了会直播，还可以，继续使用\n拍照效果：这回的1亿大底，感觉比 s20u好了许多，对焦靠谱了\n运行速度：运行速度：12G的 865+没问题\n待机时间：第一天，有待考察\n其他特色：这个金色的ag磨砂玻璃，手感无敌。之前一直是s系列用户，s7/s8/s10+，现在第一次用note，这个spen真的是太多惊喜了,5
45,外形外观：没的说，三星手机的外观一直在线，喜欢的人会一直喜欢\n屏幕音效：屏幕色彩是它最大的优势\n拍照效果：使用不算多，不好评价，个人觉得很满意\n运行速度：很快了，没啥毛病\n待机时间：原来用的mate20p，已经很长时间了，电池明显有下降，不好比较。目前中度使用，坚持一天没问题。\n其他特色：系统需要多琢磨，和鸿蒙有差别，应该说华为更简便，易于使用。看了网络上的很多视频，三星的系统更多需要自己设定，试过以后发现，是适应的问题，目前正在逐步学习。可玩性确实很高。,5
45,拍照清晰，屏幕很大，分辨率高，正品，外观好看，物流很快，系统流畅，手机很好，很好用[羡慕][点赞][鼓掌]这价格没谁了！全网最低，安全下车！,5
45,外形外观：外观还是蛮大气大。\n屏幕音效：屏幕非常不错，像素也蛮不错，音效很好。\n拍照效果：拍照时人很清晰。\n运行速度：新手机用起来很流程，传送资料也非常的快。\n待机时间：用过以后再来评价待机时间。,5
45,外形外观：苗条\n屏幕音效：清晰细腻，手感非常好。\n拍照效果：拍照简直完美，超广角镜头非常好。\n运行速度：飞快\n其他特色：功能是应有尽有。,5
45,外形外观：漂亮 大气 屏幕超赞 漂亮大气，屏幕超大。\n屏幕音效：非常好，效果非常棒。音质很棒，非常好\n拍照效果：很好很好很好 50倍变焦很好，拍照速度很快。\n运行速度：很快很快很快 目前用过的运行速度最快的手机。\n待机时间：不错，可以支持一天。比华为的mate20待机时间长。\n其他特色：颜色很漂亮。,5
45,机身漂亮，运算速度快，拍照片很清楚，夜间模式拍照很清楚，很好，外壳漂亮，系统运转速度很快，拍照有很多模式，内存大好用！双卡双待方便。,5
45,性价比非常突出，one ui有探索的乐趣，本人不玩游戏，待机也符合预期，挺好的机器,5
45,三星这款手机，性价比超高，运行速度很快，还可以加tf卡，体验很棒。2020年的旗舰依旧不过时，大品牌值得信赖。希望可以用的久一点。,5
45,晚上付尾款，第二天上午就送到了，快！手机高大上，赞一个！,5
45,性价比很高，手机摸起来很有质感，材质一摸就知道是旗舰，屏幕很震撼，6.9英寸全面屏，感觉手上拿着一块屏幕，虽然七英寸，但是单手能握住。配置不用多说，旗舰速度，拍照一级棒，一亿像素无敌，夜景无敌。,5
46,外形外观：非常靓丽\n屏幕音效：音质很好\n拍照效果：五十倍能拍到月亮\n运行速度：王者极致帧率\n待机时间：还行,5
46,外形外观：三星手机的外观没得说，高端大气上档次，各方面设计都很巴适\n屏幕音效：屏幕更没的说，屏幕就是顶级配置，三星的屏幕没人能超越\n拍照效果：拍照也是非常棒\n运行速度：大运存，棒棒的,5
46,还没开始用，希望是正品，给我老公买的，不过这个颜色很像女生用的\n外形外观：低调奢华有内涵?\n屏幕音效：没事\n拍照效果：还没用\n运行速度：应该很快用了在追评,5
46,看评论还不错，趁有优惠下单，一直都是用三星，试用了下，用得很习惯，这个价格值得。,5
46,Note10+用了两个月彻底爱上了三星，故双十一入手Note20U。金色满满的土豪味儿，不是黄金的那种金色，有点粉色+金色的混合色，典雅大气又时尚很好看。865性能够用，搭配ONE UI系统很流畅，运行APP没有顿挫感，12+256足够再战两年很满意！,5
46,喜欢这款手机的颜色 干净非常不错，价格又降价了非常合适，有喜欢的感觉下手吧，不错不错,5
46,外形外观：屏幕大，清晰。外形大方\n拍照效果：很好\n运行速度：比较快\n其他特色：有spen很方便,5
46,三星note系列忠实用户，一直在用，笔越来越好用了。\n外观商务大气好看，之前用的note8一直没换，最近升级了，提升很大。,5
46,外形外观：不愧为安卓机皇，外形硬朗，线条流畅。\n屏幕音效：三星的屏幕显示效果真是无可挑剔。\n运行速度：速度与激情\n待机时间：美美哒\n拍照效果：美美哒,5
46,用了十来天了给我的整体感觉非常不错，外观很漂亮辨识度很高颜值符合我的审美，材质顺滑不留指纹屏显很好，声音也非常不错，手写笔太好用了，夜间拍照效果很好。优点很多，值得购买！缺点就是掉电有点快，易发烫。,5
47,手机工业设计很美，屏幕色彩鲜艳，显示和拍照效果好，功能强大。手机主要用于工作，不玩游戏，参数足矣。本机的s-pen是点睛之笔，确实好用，点赞???,5
47,手机颜值无敌，屏幕真的绝了！三星的屏幕，真的金字塔尖的存在,5
47,非常的好用，系统虽然美观度还是不够，但是流畅性相比之前的好了很多，s pen写字很好，更多的用途还在研究,5
47,外形外观：就喜欢这个造型，很好看\n屏幕音效：三星的音质还是很棒的\n拍照效果：很好，挺不错的，日常够用了\n运行速度：非常非常快的\n待机时间：比之前的三星强多了\n其他特色：整体都很好，不错,5
47,外形外观：完美的艺术品\n屏幕音效：色彩艳丽质感天花板，音效悦耳\n\n拍照效果：月亮可以拍到月球坑\n\n运行速度：快,5
47,拍照效果：很好\n屏幕音效：满分\n外形外观：满分\n运行速度：挺快\n待机时间：长,5
47,外形外观：大屏幕 方方正正 很喜欢\n屏幕音效：屏幕不多说了 三星自家的\n拍照效果：还行\n待机时间：耗电太快了,5
47,三星note 就是皇者，电池没有那么不堪。办公真的是好用，数据表直接编辑，筛选，公式，各种截图备注，真的很牛，适合商务人士使用！屏幕摄像现在依然顶级。不输我的13pro.从商务实用角度讲真的比苹果好很多!,5
47,手机收到都用好几天了，我是三星最忠实的粉丝，十多年来都用三星手机，并且一家人都在用，NotE系列最后一款新产品了，这次活动优惠力度大，只好把NotE10十旧换新成交了这台手机，功能更强大，太满意了！,5
47,一代神机将要改名，必须入手。10年前的第一代到现在用的第五台Note，这个星球最好的手机！唯一遗憾，越南制造。期待天朝能自产此等屏幕，自产高端CPU，自产内存，自产内置手写笔,5
48,屏幕显示细腻，清晰度非常棒。尤其是音质大大的提高了很多，带了环绕音，听歌曲看视频效果非常好，非常棒。拍照清晰度非常满意，毕竟是一亿像素，屏幕大了很多，一只手打字不可能啦，重量也增加了一些。总体来说，这款手机，真的是不愧是机皇，非常满意！,5
48,质量没得说，老婆特别特别喜欢，而且价格优惠，屏幕显示非常细腻，系统也很流畅， 确实不错，摄影也很出色，整体很大气，就是电池感觉不是很耐用，中度使用一白天应该够用！配件都很齐全！,5
48,这个手机容量很大，画面也很大，很清晰，拍照还不错，音质也不错，我是买来画画用的。\n里面配有一支笔，我们学美术的人特别喜欢。\n希望三星能够不断地开发更好的产品。但是请价格更亲民一些。\n手机整体质感很好。商务人士也很适用。,5
48,高大上\n外形外观：外观大气屏幕高清\n屏幕音效：音效质感柔滑细腻音质好\n拍照效果：高清像素远景\n运行速度：运行内存大速度快，值得购买。,5
48,使用近一个月了，各方面性能还是挺不错的，一直在使用三星note系列，尤其S-pen，很方便好用,5
48,颜值这块非常喜欢，方方正正的，给人刚硬的感觉\n屏幕一直是买手机的首选项，三星在做屏幕这方面确实很厉害，显示效果非常的出彩、细腻\n摄像头这块感觉没有S20U给力，不过日常拍照使用也够了，对焦确实挺快的\nSPEN才是note系列的精髓，S7，S7e，S8+，S10一直用的是S系，这次换一下N系感受一下\n865p的处理器配合12+256用起来非常流畅，也没有发热严重情况发生\n电池只要不玩游戏，目前一天一冲没问题\n随手机带充电器、数据线、耳机、保护壳相对来说还算良心,5
48,五六千这个价格可以买到低配的苹果或者顶配的note超大杯旗舰，毫不犹豫的选择了三星，这款手机外观大气上档次，性能很流畅，拍照也很棒，算得上是心目中最满意的高端旗舰了，安卓机皇的称号三星不负盛名，以后就是三星大家族的成员了。,5
48,一直很喜欢三星的机，颜值高，系统也流畅，屏幕没话说，质感特好，所以习惯不贴膜直接用了，充电也快，像素也很满意,5
48,颜值一流 做工较好 屏幕顶级 作为一个一直使用三星的人 这个系统用着真心 得心应手。,5
48,三星的手机真的没的说，从s8开始一直在用，这次给老婆换的n20u也是很完美。屏幕高刷，Spen，大屏幕，处理器，防水。真是三星最后一款NOTE系列，超级完美。很喜欢，618活动很给力。喜欢,5
49,外形外观：靓丽\n屏幕音效：出色\n拍照效果：不错\n运行速度：非常快\n待机时间：短板,5
49,这是我使用的第三个三星手机。初次入手始于颜值，对S8无边框的曲面屏毫无抵抗力，后来因为要做会议记录，选择了Note10+，一直用的很顺手。这次置换Note20Ultra，就是想做一个简单的升级，屏刷率120HZ，提升一倍，游戏帧率90HZ左右，相当不错了。相机方面，50倍的变焦，足够**常使用了。\n今天才开始使用，有机会再继续分享。,5
49,使用了2个月，再来说一下体验感受。\n摄像方面：1.08亿像素，超广角，50倍焦，清晰度nice\n游戏方面：120HZ的屏刷，确实比之前的手机流畅\n办公方面：SPEN，一个词：喜欢,5
49,物流太快了，京东最好的就是购物体验，手机很好，屏幕一流，手感很好，好评！,5
49,三星真的不错！颜值爆表，功能特别赞??\n屏幕显示效果超强,5
49,外形外观：外观简洁大方，四四方方，适合男生使用，而且尺寸也大，一个手握不过来。\n拍照效果：拍照效果极好，有很多模式，可以自动拍也可以手动拍，跟相机一样,5
49,物流很快，物品完好无损，用起来很舒服，喜欢?\n外形外观：好\n屏幕音效：OK\n拍照效果：OK\n运行速度：OK,5
49,外形外观：好\n屏幕音效：很好\n拍照效果：特别好\n运行速度：棒\n待机时间：很棒\n其他特色：非常棒,5
49,从note4开始，一直三星note系列，没变过，这次从note8直接换了note20u，看看怎么样，一直京东购买，物流很快，东西很好，服务也不错，给力！,5
49,外形外观：精致美观\n屏幕音效：震撼细腻\n拍照效果：惊艳明快\n运行速度：极快极快\n待机时间：超出意料,5
50,外形外观：外形那是相当漂亮\n屏幕音效：屏幕效果顶级，三星做的确实很好\n拍照效果：牛，长焦不错\n运行速度：很快\n待机时间：满意,5
50,速度很快，外观一如既往的漂亮。屏幕稍大。屏幕显示效果，超赞。说一下拿在手里的质感，这也是选择三星的一个重要原因。,5
50,一直是三星手机的忠实粉丝，总别的手机也不太习惯，所以一咬牙一跺脚在新机马上上市的时候买了这款心心念！感觉非常不错！,5
50,安卓机皇，还有啥说的呢，这硬件配置到今天还是一流，价格也是非常满意！,5
50,外形外观：漂亮\n屏幕音效：声音洪亮清晰\n拍照效果：无敌\n运行速度：两个字非常快\n待机时间：有点尴尬\n其他特色：值,5
50,外形外观：美观大方\n屏幕音效：很不错，声音很舒服\n拍照效果：很清晰\n运行速度：也很不错,5
50,21年生产的机器，支持扩展卡。质量比13 pro轻，长度长一些。\n显示效果很好，本机预先安装了很多软件，需要清理删除。,5
50,外形外观：安卓手机里最好的外观设计，方正硬朗。\n屏幕音效：三星手机的屏幕，特别是旗舰手机的屏幕肯定顶级。\n\n拍照效果：安卓手机里的王者\n运行速度：865+现在还说得过去,5
50,手机用了两天了，这个手机没让我失望。总体表现还是很满意的。手写字用着很方便。手机像素很介绍的一样，非常清晰。电池充电非常快，节省以前充电时间。用着挺好的。,5
50,双十一买的，已经使用一个多月，非常满意，三星手机用了好几台了，每一款都有惊喜，使用方便。,5
51,外形外观：外观完美\n屏幕音效：屏幕完美，用了三星的屏幕其他手机的屏幕用起来会总感觉少点什么。\n拍照效果：完美，三星的拍照一直都很好，比想象中的好\n运行速度：打游戏很爽，配合这屏幕，打起游戏来会飞，哈哈\n待机时间：这个就有点差强人意了，三星的短板，待机和充电，一天一充，中度使用\n其他特色：三星的防水，是所有手机里最牛掰的,5
51,很棒，S8 和S10也很棒，S系列手感确实一流，用完华为的mate8以后就开始用三星了，感觉很棒。说一句，不要说手机代替单反的话了，真的毫无可比性，本人用佳能5D4和6D2机身，再好的手机拍照都会被秒成**，特别是人像，不管上架子或者手持。,5
51,看起来很大，实际上可以单手操作，双手最好,5
51,外形外观：本以为现在手机都大同小异，但拿到手之后还是发现手感很不错，背壳因材质原因光泽很好。\n\n待机时间：刚开始掉点很快，充了几次电用了几天后反而感觉强一些，非重度手机使用者应该能满意。,5
51,老公一直用三星手机，这款外形精致，手感超好。拍摄效果也特别好。棒棒哒！,5
51,手机\n外形外观：比较惊艳\n屏幕音效：完美\n拍照效果：完美\n运行速度：飞快\n待机时间：有待提高\n总体评价:值得拥有,5
51,手感很好，屏幕鲜艳好看，很久不用三星，依然旗舰水准。,5
51,这款三星手机屏幕够大，且画面非常清晰细腻，分辨率相当高，一拿到手给我的感觉就是高大上，内存空间也够大，运行速度很快，电池正常刷屏可用一天。那支笔可以用以摇控自拍按键。好用，就是贵。,5
51,外形外观：霸气侧漏\n屏幕音效：非常棒\n拍照效果：棒极了,5
51,外形外观：非常漂亮，镜头能不突出就好，不过也没事看起来挺舒服的。\n屏幕音效：一如既往地傲世群仙\n拍照效果：拍照效果杠杠滴\n运行速度：速度超快\n待机时间：待机时间长，Note3&mdash;&mdash;一直用到现在，忠实三星粉丝。,5
52,非常喜欢的手机类型，用了很长时间来观察，也考虑了很久，忍不住还是买了，东西不错，喜欢。拍照的1.2.3是用N9拍的，别的都N20U随手拍，没有刻意去要角度和对焦到位，拿起来乱拍发送的那种，很方便实用，特别是这根帅笔，有用实用适合我的工作，建议购买吧。,5
52,一直都用三星。三星的智能机非常好用，屏幕色彩好，摄像头效果好。Note系列作为旗舰机，非常完美。\n在京东双十一购买非常划算。物流也很快，马上就送到了。一直在京东购买手机，非常放心。五星好评,5
52,外形外观：酷酷\n屏幕音效：完美\n拍照效果：很好\n运行速度：流畅\n待机时间：够用,5
52,外形外观：非常惊艳\n屏幕音效：还行吧，杜比的\n拍照效果：中规中矩\n运行速度：目前非常可以,5
52,颜值在线，note笔非常方便，续航也比预想要好，没有传说中那么拉胯。除了系统ui较为繁冗，总体来说对手里的pixel 4是一次完美的升级,5
52,外形外观：外观大气，金色很好看\n屏幕音效：音效好听，声音也挺高\n待机时间：正常使用电量足够一天了，打游戏有待考验\n运行速度：速度很快啊，用过之后再看低刷的根本没法用了\n其他特色：后摄像头模块是真的真的高，还刮手,5
52,双十一买的 非常值\n拍照效果：嘎嘎的\n外形外观：大气\n屏幕音效：震撼\n运行速度：超快\n待机时间：一般,5
52,使用一段时间，手感非常不错，运行速度拍照都很理想,5
52,手机很好用，续航也很好，一般不打游戏的话能用两天差不多，打游戏看个人情况，屏幕非常清晰，也够大，看电视啥的贼爽,5
52,外形外观：三星一如既往的大气，奢华，外观太爱了\n屏幕音效：屏幕宇宙第一没得说，音效也很棒\n拍照效果：这次拍照升级很大，一亿像素爱了爱了\n运行速度：骁龙865+快到飞起\n待机时间：续航有明显改善\n其他特色：spen体验极佳,5
53,太牛了。这款机子，一亿像素，带笔，屏幕清晰度好，又大，爱死这款机子了，一直买三星好多年了s7  s20 note系列，A9我也买过,5
53,非常快，0点下单下午就到了，这个屏占比感觉看起来很舒服，够大，屏幕很细腻。速度没啥好说的，12G内存还是很给力的，虽然是865P，但不觉得慢，而且打游戏完全不发烫，用起来挺爽,5
53,完美，一直很喜欢三星note系列，新款一出必买。一直是双款，就等12了。,5
53,虽然note20是多年前老机型，但是目前来看速度、存储都够用了，三星屏幕还是很惊艳的，拍照也很稳定，外观设计也很漂亮，性价比很高。\n美中不足电池续航能力欠缺一些?,5
53,非常振撼外观超级棒，喜欢；速度也超快5G名不虚传，下载飞速完成，只是用惯了苹果系统还在适应中，耗电中规中距，看视频二小时下降18%。,5
53,色彩好，功能强虽然是老款机，但很经典的一款手机，配有写字笔，适合老人使用，屏幕大，清晰度高。,5
53,外形外观：大气，漂亮！\n拍照效果：随手一拍就很大片的感觉\n运行速度：没有卡机\n屏幕音效：棒！,5
53,三星note系列手机一直在用，现在是note8用了4年，确实是内存不够了，s21和Note20选择了后者，确实各方面都有提升，特别是这个价位，吸引力很大，颜值也确实高，总体很满意。,5
53,期待已久的noted20终于到手了，非常喜欢三星，尤其note系列。\n外形外观：非常大气\n屏幕音效：屏幕效果超级顺滑，手感非常好。\n拍照效果：拍照很清晰，像素超级棒\n运行速度：运行速度超快\n待机时间：待机时间不是很理想，性能模式在这呢,5
53,看了好久，终于出手了。手感一流，视觉一流，操作一流。京东值得信赖！,5
54,真实普通用户来评。2021年末从苹果x换到三星note21u，五千多的价格比较划算；屏幕无敌，对高刷需求不大一直开着2k分辨率，大屏配高分辨率 观感特别舒服；处理器虽不如火龙888，但不打游戏完全够用；轻度使用一天一充；喜欢指纹解锁；手写笔不错；超广角和五倍长焦前手机没有，体验也很不错。爱了爱了,5
54,心心念念的手机，终于下手了。三星手机果然名不虚传，外形外观时尚靓丽，屏幕音效绝对称上一流，拍照效果更不用说了，漂亮的很，运行速度也很快，待机时间超长，很完美。,5
54,4***m\n电池续航：还不错，比我之前的手机强！\n拍照效果：超级棒！\n显示效果：非常真！\n一到就迫不及待的拆开激活了，手感很不错，高端大气上档次。运行非常流畅，值得拥有！,5
54,抛开其他因素，三星高端手机强大到没有对手，光这屏幕就值3000，强大的存储系统，强大的影像系统，流畅的操作体验。从几年前S6掉了之后，用了华为，用了苹果，但都不及三星的高端机，兜兜转转，依然爱你如初，自从第一眼望见，此生难在释怀，唯有相伴前行。买手机非三星高端不可，只要电池坚挺，用上三四年完全没有问题。,5
54,香的一批 120hz用久了让我觉得苹果动画都是卡卡的 大屏幕很舒服 用的很爽 spen也是让我爱不释手 虽然没有太多的功能 但是用的很不错 外形就不用说了 帅的一塌糊涂 黑色很大气,5
54,老公手机坏了，纠结买哪款的时候，朋友推荐了这个，看看配置蛮不错，没用过这个牌子的手机，抱着试一试的态度下单了，买回来真的觉得不错，\n外形外观：大方显气质\n屏幕音效：屏幕\n拍照效果：特别清晰\n待机时间：个人觉得不错\n其他特色：性价比超高,5
54,外形外观：很惊艳，\n运行速度：运行速度很快，一点都不卡，很喜欢\n拍照效果：还在摸索中,5
54,一直喜欢三星手机，好多年在没用过了，自从s6edge+。这会看到这个降价了，而且外形方方正正是我最中意的。宝贝收到了，包装很结实，应该是个好东西，先给好评了。\n外形外观：方方正正，我很喜欢。\n屏幕音效：分辨率是最好的，屏幕也是最好的。\n运行速度：反应很快，比我前面用的oppo find x3pro都厉害,5
54,外形外观：漂亮大气\n屏幕音效：屏幕没的说，棒棒哒\n拍照效果：颜色好看，视觉盛宴\n运行速度：就是快\n其他特色：原来一直用华为，看中这款，终于拿下，非常满意的一款手机，爱上三星了。,5
54,外形外观：形好看 单手操作也很方便\n屏幕音效：太漂亮了 没话说了\n拍照效果：有点复杂 还得继续研究\n运行速度：太快了\n待机时间：很长了充电特别快\n其他特色：手写笔很好用 这是我最看重的,5
55,用三星三年了，颜值无敌，上手就把准备好的原装保护壳装上，120HZ手感丝滑，拍照效果暂时还没机会试，oneui2.5界面很漂亮。,5
55,收到手机用了一段时间，非常的满意，相比我上一部三星s9+，是全方位的提升，大大的运存，没有丝毫的卡顿，屏幕非常的清晰流畅，照相很好，尤其是晚上，也很清楚，很值,5
55,外形外观：方方正正，好看\n屏幕音效：屏幕显示效果超好，音效不错\n拍照效果：可以，对我来说够用了\n运行速度：很快，三星系统熟了也很好用\n待机时间：中重度使用8小时左右\n其他特色：spen笔好用,5
55,还在试用中感觉挺好的\n外形外观：漂亮\n屏幕音效：完美\n拍照效果：满意\n运行速度：超快,5
55,note20u在2022年买正合适，这个价格在我看来远比s22和s22＋更有性价比，12g的运行内存（在我看来目前国内软件的占用率运行内存大小很重要），2k屏，手写笔，大屏幕，硬朗机身，精致做工，s22u能做到的，note20u也基本可以，在我看来没有提升多少，三星的工艺水平没得说。4500毫安电池，续航很满意，反正我实际体验比网上有些人说的续航好，感谢高通的骚操作，让865plus时隔2年依旧宝刀不老。总之满意超出预期。,5
55,好机子，外观非常漂亮、大气，颜值高，屏幕显示细腻，操作顺滑，很不错的一款安卓系统的手机，值得购买。,5
55,颜值高，很多功能都没明白。第一次耗电很快，后面手机适应你用机习惯，就很节约电，电池还是挺好。屏幕高大上。,5
55,心心念念的，865+对我来说很够用了，玩游戏也不烫手，非常的够用,5
55,该说不说拍照是真舒服,5
55,外观大气，很好看，金色是属于玫瑰金的颜色，运行速度快，系统上细节处理特别好，spen的悬空操作太牛了，相机拍照效果很好，特别是广角镜拍摄，完全出大片的效果，用了一段时间才来评价的，效果真心的好。,5
56,性价比还行，屏幕非常赞，系统总体还行，做工精细，值得入手。,5
56,给老爸的生日礼物，自己没用，但是打开礼盒包装看了下，手机非常棒！从生产日期看，大概库存了将近1年了，电池电量已经将为0了，充了点电开机，一切正常，非常满意，性价比极高！\n哦，自己另买了手机壳，其实礼盒里自带了两个手机壳。完全可以不用买。,5
56,犹豫了很久，买的这个note20，而不是买新出的S22，因为目前这个手机的性价比是最高的，而且CPU特别好，功耗很低手机用的从来不发热。\n屏幕非常大非常好，只是如果没有前置摄像头就更完美的，用着很流畅没有什么卡的感觉。也足够大，用几年应该都没有问题。\n手写笔，虽然用的不是很多，但是在需要时它的功能确实非常多，而且好用。\n手机送的原厂的耳机，挺不错的，而且手机屏幕已经是贴好膜了。送的原厂手机壳也不错，透明的，比较有弹性能有效保护手机。,5
56,物流是真快，昨天晚上下单，今天就到了。是心中期待的样子。,5
56,这款外观设计非常大气，手感挺好重量适中，这么大的手机比以前的S9+差不多，显示效果非常好，出厂自带贴膜很方便，手机系统挺流畅的,5
56,外形外观：颜值不用说了，没得挑\n屏幕音效：很好\n拍照效果：很好\n运行速度：很流畅\n其他特色：自定义功能强大,5
56,外形外观：看着不错，挺好看的，\n屏幕音效：感觉还可以\n拍照效果：像素是挺不错的\n运行速度：速度很快，很流畅,5
56,待机时间：有点尴尬\n拍照效果：非常好\n运行速度：飞快\n屏幕音效：棒棒棒\n外形外观：很好看,5
56,终于下单买了，收到手机开箱给人感觉外观大气，开机后屏幕明亮。音效也非常捧。拍照效果前置摄像头照出的自拍非常好。后置相机也比美专业相机，很多功能还在学习中。运行速度简直就是神舟飞船。就待机时间有点不行，一天一充肯定少不了。另外手写笔简直太好了，又可以重回书写时代了，还可以当遥控器拍照。,5
56,一直使用三星note系列的手机 真的非常棒\n经常开会记录笔记 纪要之类的非常方便\n颜值超高，画质 屏幕显示效果清晰 明亮\n像素高 拍照好看 清晰 \n总之 是我喜欢的手机\n推荐 推荐 非常好用,5
57,外形外观：满意\n屏幕音效：满意\n拍照效果：非常满意\n运行速度：非常快\n待机时间：满意\n其他特色：???,5
57,手机收到了，外形太漂亮了，非常好看时尚商务相结合，物流也超快，一天到。,5
57,手机很靓，很大，很酷，手写笔很炫，\n拍照效果：很清晰，夜拍很清楚，\n运行速度：飞一般的感觉,5
57,超级好用，显示效果一流，感觉手里拿了一块屏幕，拍照也还不错吧，充电剩百分之20要一小时充满，还可以，电池用一天没问题，王者荣耀全高画质超级流畅，第一次用三星的手机。用几天再追评,5
57,最后一代note了，纪念情怀仍然坚持下单了，首先颜值真的很大气，没得说，里面的one ui系统有很多功能，只能说三星有很多东西需要你自己去发现，像素也不错，夜晚在屋里拍照都很清楚，虽然电池有一点点拉，但是正常使用都是够用的，再不买买不到了，希望三星不忘初心。,5
57,外形外观：三星的工业设计毋庸置疑，手感很好\n屏幕音效：屏幕细腻，音质也很好\n拍照效果：夜拍能力非常强\n运行速度：865p也还可以\n待机时间：待机时间是最大槽点，一天两充\n其他特色：spen很有意思,5
57,外形外观：除了摄像图比较突出，其实机身很薄。已经贴了膜，送了一个透明保护套。\n屏幕音效：三星音效一直都很棒，略显低调，潜力还没发挥。\n拍照效果：前置比较惊喜，后置也很不错，毕竟镜头那么厚。\n运行速度：运行速度非常快，丝滑般感觉，感觉还是有点保守了，应该120HZ和高清同时能开。\n待机时间：马马虎虎\n其他特色：屏幕大，我这单手能抓篮球的手掌正好能握住，确实降蓝光，眼镜看了不疲劳。,5
57,手机真的太棒了，超级喜欢，就不说一堆天花乱坠的词了，喜欢的就下手吧,5
57,外形外观：黑色大气\n屏幕音效：屏幕还用说嘛\n拍照效果：很好拍照很清晰日常生活需求足够了\n运行速度：很快\n待机时间：一天一冲足够\n其他特色：spen很好用,5
57,可惜，当初为了这免费的服务，现在标准版有学生价，而这两个版本没有学生价也保不了价，果然没有免费的午餐。,5
58,第二次购买的手机，很好用，符合真香定论，主要是那根笔好用，照相功能也不错，清晰得很，高刷还不太会用，主要是忙没得研究。,5
58,外形外观：有一个不错的设计外观，特别是摄像模组，特别的有质感，颜色还好，磨砂工艺提升低调的高档。\n屏幕音效：音效一直是note系列的强项，好声音好动听\n拍照效果：个人的使用完全足够，特别好的\n运行速度：无任何的卡滞，连手感刷刷的\n待机时间：中度使用一天一冲,5
58,外形外观：Note系列一直是我的爱，从Note 1到现在了。手机机型方方正正，大气，黑色长时间看也压的住。\n屏幕音效：屏幕没的说。超级带感。,5
58,很好各方面性能都很好，游戏王者荣耀，和平精英都能流畅运行。唯一不太好的就是送的官方透明壳味道太大了。还比较厚比较蠢看着。手写笔很实用，写字很流畅。其余我也没啥需求，整体很满意。,5
58,外观很漂亮，屏幕清晰度很高，拍照也不错。,5
58,"买之前是真的特别纠结啊,在和苹果13香做对比，最终选择了他 选择了他之后，又在三款颜色里面来纠结了好久，最终选择了迷雾金   货已收到，各方面都不错，三星屏幕顶级显示漂亮，很好用。这款手机很完美，要慢慢上手研究，屏幕方正，显示顶级，相比于其他友商属实不是一个级别的，不能和三星比。防水可以雨天正常用。 spen 高级货，使用灵敏， note 的标志。续航还行不玩游戏一天一冲。最关键是手机也不太重  能够承受 充电10%充满要一个小时多一点点  总的来说三星机永远的神  yyds  好评。 另外双11有活动 真的很给力。",5
58,手机外观很惊艳，物流也非常很快。,5
58,拍照效果：1亿的像素，照片质量简直不要太好\n运行速度：骁龙旗舰，速度流畅\n其他特色：最喜欢的就是note的手写笔了，非常方便记笔记和使用,5
58,外形外观：外观简洁大气，金色高端\n屏幕音效：屏幕显示效果一流，音质清晰\n拍照效果：拍照效果很不错\n运行速度：运行速度流畅，反应灵敏\n待机时间：待机还行，正常使用一天多时间\n其他特色：包装保护结实,5
58,非常不错的一款手机，像素杠杠的，电池也还不错，喜欢。\n拍照效果：比苹果好\n运行速度：快,5
59,手感非常不错\n屏幕音效：很好\n外形外观：漂亮\n拍照效果：很好\n运行速度：很快,5
59,哈哈买来送老婆的，我用的是三星note8，给我她买个note20u玩玩，过两年我再接手，再给她换部手机，现在来说说这款手机 颜值高，好看，与众不同，拿在手上很有面，比街机强太多了。推荐购买。,5
59,"这是买的第三款三星手机:\nc9，note 9 , note20U\n也是心仪已久的手机，关注两年了。\n三星手机屏靓丽，无可挑剔。\n制做精美，颜值高档大气。\n拍摄功能强悍。\n使用功能人性化贴心。\n\n建议:\n一.电池续航有待加强。\n二.提高充电速度。",5
59,硬件没有发现问题，三星的系统用着发生了问题，原先注冊的会员lD登录不上，原先登录的用户名，系统回复竟然说查不到，申请新的用户名，填上验证码变成虚的模糊界面，无法确认，由于打不开原用户界面，又注冊不成新的。致使许多功能用不成。太叫人扫兴了。看来韩国人重在技术成就，而对系统的中国化做得差劲了。,5
59,note20u不愧是安卓机皇，6.9寸方方正正的120hz高清大屏幕不仅大而且看着很舒服，因为是三星自家旗舰，所以屏幕肯定是用最好的，不用去担心屏幕有黑点、漏液等品控问题，骁龙865+的旗舰cpu也能完美应对手机上的所有游戏和app，充电很快，随机赠的耳机音效不错。5799入手的，现在涨到5999了。,5
59,新机入手体验感超棒，看电影玩游戏，原神，王者，英雄联盟手游都特别流畅，笔书写的时候还有沙沙的声音，特别仿真，喜欢三星的可以入手，绝对不亏,5
59,以前用的855处理器的手机打游戏就挺好了，这款是865+的玩游戏超级爽，画面非常流畅，屏幕细腻，画质很清晰。刷新率有120Hz，吃鸡可以90Hz就足够了。暂时使用下来续航还不错，也没有出现太过发热的情况。试了下 S PEN，笔触很自然，快速做笔记很方便，手写的笔记可以直接转文本进行编辑，喜欢这个功能，看看再挖掘下其他的功能吧。,5
59,非常棒一款手机，一直用到三星NOTE 系列， 外观颜色惊艳，低调奢华质感，手机外形方正，边缘曲度较小，过度自然，简洁大气，商务气质； 6.9英寸大屏幕，超高屏占比，屏幕显示色彩丰富，赏心悦目，12G运行内存，运行流畅。京东价格太坑了，预售价保双十一，结果预售下单后，双十一价格又降了。,5
59,外形外观：大气，很商业风\n屏幕音效：顶级屏，牛啊\n拍照效果：像素超高\n运行速度：运行速度超快,5
59,"三星旗舰老用户了，从S7那一代就开始种草，s7--20U，note7---20u,每出必买！一如既往的喜欢三星的顶级屏幕和各种使用的系统功能，特别是这支笔呀！！",5
60,"外形外观：漂亮,金色不容易粘指纹\n屏幕音效：顶级，比note 9好很多\n拍照效果：顶级，不错\n运行速度：顶级，不错\n待机时间：还好\n其他特色：最喜欢SPEN",5
60,"三星手机不愧为安卓手机系统顶级机皇，这次换机是在使用三星N4机型6年之久的体验基础上，绝对好用，升级使用5G,机，毅然选用了三星N20U,收货后使用体验极好，屏幕哦色彩还原度好，分辨率高而细腻，120HZ自适应屏膜非常适合操作的自由，功耗明显减低，待机时间一天一充有绰绰余。拍照功能强大，色彩如艳护眼，图像真实还原度高。三星不愧是工业设计顶尖水平，N20UD 机型外观美观至极，个人认为三星N20U如果是世界第二，就没有任何机型敢称世界第一！在此，再次感谢京东的客服和售后服务水平，总体是五星好评哦！",5
60,外形外观：很好看，做工精细\n屏幕音效：世界上最好的屏幕\n拍照效果：很惊喜\n运行速度：飞快\n待机时间：有待考察\n其他特色：京东自营不错速度快，服务好,5
60,关注这款很久了，一路从Note3、5、8走来，本想换iphone13的，但还是觉得这款顺手，双11价格史低，果断出手。屏幕音质都很好，配上Live真无线很轻松。唯一不满的是续航，不过瑕不掩瑜，这个价格肯定值了！快递包装很随意。。。。,5
60,手机的质量没有话说吧。\n外形外观：方方正正有棱有角，看起来就很舒服\n屏幕音效：屏幕非常nice\n\n拍照效果：还没怎么摄像，初步体验不错\n运行速度：快快快\n是全新的机子，我刚拿到手第一件事就是查序列号，没有任何问题。客服耐心很好，解答了我很多很多问题。,5
60,非常正的一款三星手机，近年来颜值最高的型号，没有之一。因为三星以后不再出Note系列了，趁京东活动赶紧入手一台，留个纪念吧。,5
60,这款机器总体来说还是很棒的。双十一下的单，隔天就到了。手机配置也是我想要的，屏幕够大。看习惯了这个屏幕，再看其他的都太小了。电池可以用一天，不用充电。运行速度快。,5
60,运行速度：很快\n外形外观：很漂亮\n拍照效果：很好\n屏幕音效：看电影很舒服,5
60,纠结了好多天，还是买了它，一方面是原来的htcu11摔得不成样子（是一台好机），另一方面想尝试一下三星，因为囊中羞涩，只能选了这一款。各种功能还在熟悉中，目前而言，很满意。拍照几乎无敌！待机时间在可接受的范围之内（不玩大型游戏）。,5
60,外形外观：颜值爆表\n运行速度：速度真快\n拍照效果：像素特别高\n屏幕音效：屏幕的灵敏度杠杠的,5
61,外形外观：这点三星的做工确实没话说，非常漂亮\n屏幕音效：屏幕三星的就不用说了，旗舰机肯定是行业最好的，最好的屏幕肯定是留给自己家的产品用\n但系统确实没有国产的手机好用，不太人性化，太原始了,5
61,外形外观：非常好看\n屏幕音效：世界顶级\n拍照效果：超出预期的好\n运行速度：120Hz杠杠的\n待机时间：妥妥一天,5
61,外形外观：喜欢这种方方的样子，很大气。\n屏幕音效：屏幕清晰艳丽，真的是顶级屏了，声音悦耳动听。\n非常满意的手机。,5
61,外形外观：一直以来都是三星忠实的粉丝。特别是三星S20UT更是亲媚。特别曲屏的绝板。几次去实体店都没货。在京东抢了几次总算抢到了。三星手机的品质有口谐碑。京东服务一流。非常满意快乐的一次昀物！,5
61,这个宝贝清昕庋超高！功能十分强大！运行十分平顺快捷！物有所值物有所超！这是我用过的最好手机！准备国庆万土给家人抢购一台。,5
61,5g手机就是不一样，这款手机的处理器好像很强，下载速度和在线播放视频速度超快，运行流畅。而且wifi6的连接速度很快，即使在人多的地方视频通话也很棒，完全没有卡顿。功能很多，还没有摸透，希望能发现更多惊喜吧，准备再去配个同系耳机，从ios系统转用安卓系统适应得不错。,5
61,三星的忠粉了，在用Note9，一直没问题，流畅使用。特别喜欢Note的照相功能，尤其是暗光拍摄，色调柔和温暖清晰，是我觉得最好的手机拍摄效果，这次Note20U618降价，果断下手，希望能给我带来更好的拍摄体验，单反真的太重了,5
61,三星手机真是不错，note一代就购买了，一直在家放着，之后转华为mate20x，华为手机被禁后，就选择三星手机note20ultra，屏幕真心好，跟华为的手机一比较就能看出来，不说了，就这个价格5899还是很值得入手的，哈哈！,5
61,京东速度一直都是特别快的，隔天到，我是R开头的\n用了好几年苹果想换换新花样，iPhone13和note20U也是挑了半天，苹果用太久了再什么换都没有什么新鲜感。三星拿到手还是有很高可玩性，目前玩了两天各个方面都不错，安卓没有iOS省心\n手机很好屏幕是亮点，体积略大\n最后电池是真的不耐用，需要续航久的这个手机真不适合,5
61,外形外观：观比S系列好看 ，比我想象中的大\n拍照效果：还没试\n屏幕音效：屏幕比s系列好一整个屏幕很爽,5
62,外形外观：外形外观：很商务，大气 \n屏幕音效：屏幕音效：很不错 \n拍照效果：非常清晰，色彩出众\n运行速度：非常流畅\n待机时间：正常,5
62,晚上拍照是真的强，yyds\n手机电池不玩游戏的话，七八个小时肯定没啥问题\n屏幕真的大，喜欢\nspen用处很多，继续开发\n最近降价，值得购买,5
62,n9换的，颜值超级棒，指纹支付支持。电池续航可以。拍照效果一流。运行速度超级快。,5
62,外形外观：漂亮\n屏幕音效：很舒服，高刷真爽\n拍照效果：很好\n运行速度：流畅,5
62,颜值是真的高，非常符合我的审美，功能强大，愿意折腾的人会比较喜欢，屏幕感觉还行吧，音质非常好，10月份刚生产的,5
62,一直用苹果，突然看到朋友的三星，屏幕显示的高对比度靓丽的图片震撼了我，一直以为苹果的屏幕已经很优秀，没想到更好的体验只是孤陋寡闻了。晚上下单，第二天一早自己去配送站取货，打开就惊艳了我，太漂亮了，一天使用下来，也基本和朋友说的一致，除了续航，其他没毛病。,5
62,外形外观：手机不错很好看\n屏幕音效：音效厉害，三星爸爸还是厉害啊\n刚收到货，感觉不错，哈哈继续体，机王就是机王，非常可以,5
62,三星最后一款note手机， 比起最新的S22u， 屏幕效果接近、音质更好、更轻薄、相机效果除了10倍长焦和微距， 效果也不差。 而且价格已经触底， 非常合适。 所以在退了S22U后， 重新选择用note20u， 手感明显舒服。所以， 只要对性能没有太高要求的情况下，选择note20U， 还是性价比比较高的。,5
62,独爱三星，从最早的s1到现在的20u，一直用三星，一直在京东!,5
62,已使用一个星期了，暂时没发现手机有什么问题，拍照很清晰，反应也比较快，之前用的是三星骆驼十加，也很好，这次六一八有活动，就忍不住有入手这个款的了。电池重度用也可以用八个小时左右。很好很满意。,5
63,用了好久才来评论的，包装有点灰，机身贴的那个塑料也有点摩擦的痕迹，之前一直用的小米，直到买了韩版的s10 5g就爱上三星了，买了不到2个月果断入手全新的n20u，本来还想等降价的，可正好赶上618害怕停产就买了，主力机实在不想用二手，2022年2月份的，安全，有保障。问题嘛，对焦是真难受，掉电速度没想象中的快，日常还是能使用2k60hz，120用的少，毕竟不是从高刷手机换过来的，60hz也不会有不舒服的感觉，spen非常的好用，编辑图片也很方便。很满意的一次购物。,5
63,外形外观：大气，牛\n屏幕音效：艳丽，音效非常好！\n拍照效果：拍照效果非常给力\n运行速度：满意！,5
63,颜色很好看，屏幕大而且清楚，上一款也是三星的手机，用的比较顺手，拍照效果也不错，做活动买比较划算，目前感觉三星的还是比大部分品牌的手机要好用的多。,5
63,外形外观：外观非常出色，对比了各家旗舰机，最终选择了三星，主要是因为重量轻，机身做得更薄，真的是体现了大厂的做工。\n屏幕音效：屏幕没话说，特别是高刷新率，使用起来真的是非常的流畅。一改往日我对三星卡卡的印象。\n拍照效果：拍照也是没话说，特别是夜景的拍摄，色彩还原度非常的高。\n运行速度是我这次最满意的，直接上了100多个程序同时开一点都不卡，我觉得三星现在真的是越来越好。,5
63,三星note系列不愧是note系列，确实比三星s系列高半个档次。三星note20u:6·9英寸大屏，2k分辨率，超高屏占，前置摄像头中置挖孔，挖孔尺寸较小，对屏幕显示内容遮挡较少。这块屏幕素质放在2022年依旧优秀。追求极致的朋友会喜欢这款手机。近三年在京东买了一加7pro，三星s10+，三星note20u，3台高端手机。京东没有辜负我的信任，值得信赖！,5
63,外形外观：外观非常漂亮\n屏幕音效：相当奈斯\n拍照效果：很满意\n运行速度：快的飞起,5
63,5999入手的\n虽然发布已经一年了，骁龙865还是能打一段时间\n12运存也属于妥妥的第一梯队，\n特别是spen，真香！\n很多功能还在摸索\n\n换下来的s10+，依然流畅无别，给儿子当游戏机了\n\n总之一句话，用过你就会爱上！\n\n图片有空用老婆的苹果拍照再发，难为只用一个手机的人了,5
63,三星Galaxy Note20 Ultra 5G手机非常好，精致大方，质量好，功能强大，运行流畅，S Pen搭配起来用很方便，拍照效果也很不错，三星手机真是不错，值得信赖,5
63,很喜欢，速度快，屏幕效果震撼，外放音质也相当好，只要不开120赫兹刷新率续航也很不错（开了的话早上八点上班，下午五点下班，还能剩余30%电量）。我拿到的是2021年5月出厂的产品，十分满意。之前一直用iphone，从note20开始iphone三星双持（安卓的信息保护差太远，手机银行类软件不能在安卓机上用）,5
63,简直太完美了，一直喜欢的手机，质感好，功能强大，色彩鲜明，内存足够发，能满足所有需要。曲屏从各个角度看都完美。,5
64,手感不错，十几年没用三星了，上次用还是功能机，屏幕舒适，看书很赞，游戏还没体验，续航不知道怎么样，用几天再来评价,5
64,首先观管上，霸气啊！还是note系列抓人啊，120hz美滋滋啊，真正体会到了流畅的感觉，主要是配件真的让人爱了，手机壳和耳机都有，在这个张罗环保的时候，带着充电器就很不容易了，难得有这么全的，因为是预售产品，所以拍下后2天安排的发货，正宗东北货，嘿嘿，就是硬啃，最后说说送货小哥，服务态度好，五星好评！,5
64,外形外观：外观很好看，触感很好\n屏幕音效：屏幕灵敏\n运行速度：运行软件很迅速没有卡顿不错,5
64,终于舍下苹果了，用了七年ios也该让自己换一下了，机子很棒！以前用过三年三星，一直对三星手机有好感，没有让我失望，屏幕，拍照，商务外观，s pen灵魂，很顶，没活说！,5
64,外形外观：很有感觉 很有气势\n拍照效果：很清晰\n运行速度：865不是盖的\n屏幕音效：没话讲?,5
64,一直都挺喜欢三星的NOTE，屏幕真的很好，外观干净利落，如果系统可以做到和IOS一样的流畅好用的话，真的完美！也可能是我用Ios习惯了，整体而言已是完美之作了,5
64,换手机一直很犹豫，对比了多个款式，还是喜欢这款。物流超快，用着顺手。机身颜色很好看，女儿很喜欢。运行速度快，游戏运行流畅，拍照效果很好，色彩艳丽。屏幕画质真的看着很细腻。直角、曲面屏大气，随手看视频和电影体验都不错，功能很多，还要慢慢摸索。\n外形外观：大气\n运行速度：快,5
64,屏幕音效：非常赞\n拍照效果：很好\n运行速度：很快\n待机时间：一般\n其他特色：神奇的spen,5
64,从c9到s8+到s10+到n20u，期间还有一个a90除了a90一年半坏了2次屏幕其他都很好，续航可以，屏幕最好，照片漂亮，用着顺手，s8+备用机一直在用，看看n20u可以用多久。,5
64,赶上活动了价格很合适，没想到生产日期还是12月份的真的新。一代机皇没毛病～好评好评～,5
65,拍照效果：清晰度高\n外形外观：漂亮\n运行速度：运行速度快\n其他特色：充电超级快,5
65,大气有范，背面的摄像头超级霸气，后壳磨砂处理，给人一种很酷的感觉，颜值超高！,5
65,不得不说，京东牛！三星牛！！第一，搞活动入手的，价格很合适，而且竟然是今年3月份产的全新机器。第二，三星的屏幕是真的好用，显示细腻，刷新流畅，没有周冬雨的绿边。SPEN也很好用。作为NOTE系列的最后辉煌，果断入手了！,5
65,第一次买三星手机，打开手机的一刻就被屏幕惊艳到了，865日常工作使用也很流畅，拍照成像素质好我不玩游戏，待机的话8个小时左右，我觉得非常适合我！大赞三星,5
65,活动买到黑色的，也很不错，手感相当奈斯！！！note的颜值是我入手它的一大原因，希望新手机可以坚持三年,5
65,物流一流，手感非常好，很喜欢三星note系列,5
65,这款机器即便是过了两年了，也没有任何的问题，现在用起来也特别的顺畅。而且这个配置即便是在当下也是非常的高端大气，根本就没有任何的问题，所以说根本不用考虑是两年前的产品。建议大家购买特别的棒，使用起来屏幕也特别的细腻，嗯，充电也比较快吧，大概一小时左右能充满。已经买了第二台了。,5
65,外形外观：大气时尚 \n屏幕音效：屏幕没的说 机皇不是白叫的\n拍照效果：拍张效果很好 激光对焦很快\n运行速度：运行速度快,5
65,外形外观：非常好看\n拍照效果：很厉害，一般手机拍出来这效果\n运行速度：非常快,5
65,外形外观：简约的设计，低调但从细节又展现惊艳奢华为。\n屏幕音效：屏幕显示色彩丰富，赏心悦目，音质清晰，环绕音效\n拍照效果：一亿多的广角摄像头和三星技术的完美结合己超越了许多专业相机。\n运行速度：运行速度：12G 的运行速度超快，画面和多程序应用切换流畅自然，不存在卡顿廷迟。\n其他特色：s pen笔始终是三星领导手机革命的标识。\n待机时间：新机，待机时间待评价。,5
66,手感相当不错，双十一买的还是比较划算\n屏幕音效：显示效果绝对一流\n拍照效果：拍照很清楚\n运行速度：12G相当好用,5
66,非常喜欢，颜值很高就是冲着颜值去的屏幕很流畅用着很舒服，相当不错，用了几天了，都很好就是真的比我想象中的大了一点，很喜欢,5
66,"2008年开始先后用了8部三星手机，2020年因为三星s10电池不行了，准备以旧换新一部三星S20ultra,确发现家附近的三星旗舰店关闭了，所以在旁边oppo店员的一再介绍下，买了oppofindx2pro。也许是三星手机多年陪伴的心里怀旧，虽然oppofindx2pro足够优秀，但总是对三星手机心心念念的，特别是每次翻看手机相册大多都是三星手机留下的回忆。所以在多次对比三星note20ultra和s21ultra后，最终选择了note20ultra，一是价格的性价比，二是在我心里note20ultra更有三星手机基因，三是在手机性能过剩的年代，不打游戏865plus够用了。\n收到以后，满满回忆感，很有仪式的打开手机盒，登录上三星账号，所有以前备份信息都在，屏幕比三星s10更优秀了，续航也好了很多，充电虽然与oppo等国产手机无法比，但还是有进步，手机系统作为一直以来有性格的三星，就只能期望在系统设计和人性化方面越来越好，总之note20ultra我个人很满意，也希望这次能够陪伴我更久。最后还是要表扬一下京东，晚上下单，第二天中午到货，快递员服务热情，还有客服回访，也祝京东越来越好。",5
66,手机还是不错的，但是套路太深了，当时知道肯定要降价的，因为买时写了保价30天所以毫不犹豫就买了，最后变成了保价7天，早知道拍照片留存好了，不到20天降价150元，找京东客服说保价不成功，然就是抱歉，早知道肯定不会买这么早，或者存在虚假宣传也许要考虑要不要买，毕竟选择这么多。,5
66,三星一如既往的好品质，非常喜欢的一款产品，非常棒！o(*￣︶￣*)o我是S21换的这款，S21买的128内存总是不够用，这次258的终于够用了，摄像头很强，双扬声器音效很不错。pen算是个惊喜，而且方便收纳。,5
66,外形外观：深得人心\n运行速度：无可匹敌\n拍照效果：惊艳无比\n屏幕音效：完美无瑕\n待机时间：相当出色,5
66,外形外观：一直用三星的手机。外观一直很漂亮。非常精致。\n屏幕音效：这款手机的双扬声器效果非常好。音质效果不错。\n拍照效果：拍照效果挺好的，夜晚拍照也不错。\n\n其他特色：运行速度是12G+256G存储空间非常够用。\n待机时间：4500毫安的电池用一天还是没有问题的。,5
66,三星note 粉，一直都是用该系列，购买旗舰还是第一次。主要看中的是2k屏幕、还算先进的骁龙芯片以及强悍的摄像模组。外观很惊艳，方正中庸大气。使用感受以后追评。,5
66,终于买到。 漂亮好用！虽然是2年前出品， 没有丝毫落伍之处。一直用三星， 换机助手不到一小时搞定。安全放心。十分喜欢！,5
66,电量消耗的挺快，其他的都不错。笔很好用。\n华为苹果都用过，三星的屏幕和体验确实更好一点。,5
67,非常漂亮的手机，颜色很细腻，拍摄的相片很美，不愧是王牌机，三星手机的做工没的说，很精致，也很人性化，很细腻的色彩，很便捷的操作,5
67,完美外观，巨大屏幕，屏幕效果非常好，系统也很流畅。从s9到note20，无悔的选择。选大屏绝对没错，而且也没有想象中的那么大，那么重，一切都刚刚好。,5
67,物流很快隔天到，拍照很清晰，很喜欢。,5
67,货已到手 很漂亮 用着不错\n主要是冲着那个手写笔买的\n其他手机好像都没有这个配置目前,5
67,在安卓阵营里，对三星手机还是情有独钟的，本来准备S21U的，看到对888各种吐槽就放弃了，就研究了去年发布的这款超大杯手机，整体很合适，外观颜值相当也棒，就种草了，看到双11降价力度很大，就预定了，使用了一段时间，整体感受相当不错。,5
67,外形外观：外观相比上一代拉跨，主要是摄像头太突出\n屏幕音效：屏幕满分，高刷\n拍照效果：拍照省心\n待机时间：祖传待机拉跨\n运行速度：满分,5
67,物流第二天就到了，手机用了有十天了，各方面都很惊艳，特别是屏幕太爽了，看久了这个屏幕再去看其他屏幕有点不如眼了，还有扬声器音效也特别的棒，拍照效果也是惊艳，目前续航能力感觉还行不知道用久了会怎么样，运行速度操作流畅，对比过很多手机最终还是选择了三星，果然没有让我失望,5
67,"外形外观：做工精细，颜色黑色赖脏，手持感很好！一个手拿觉得很轻巧！\n屏幕音效：三星高端机的屏幕不用说了，惊艳！\n拍照效果：虽然比不上华为高端m系列，但也差不多了！\n运行速度：很快，换机所有以前的文件过来，一样很流畅！\n待机时间：中度玩手机，一天一充能坚持！\n其他特色：Spen,手写笔，三防，是其它手机比不了的",5
67,从n9换机到20，屏幕更大了，效果和速度显示更好，手感也很不错。拍照暂时还没拍，以后再看。估计应该也很好，电池4500可以的,5
67,外形外观：这外观，不需要多修饰了，完美\n屏幕音效：三星的屏幕没得说，舒服，棒\n拍照效果：拍照清晰，非常不错，一亿像素，非常可以\n运行速度：速度飞快，oneui很棒，非常值得购买,5
68,发货超级快，到货超级快，包装很精致，真的是开启了新世界的大门&hellip;&hellip;宝贝收到了，很惊喜，质量非常好，很满意的一次购物。我会继续回购的，店家值得信赖?宝贝收到了，很惊喜?，设计合理，时尚大方，继续关注，以后会回购的???宝贝和介绍的一样，质感很好，功能强大，用了感觉不错，?大品牌！值得信赖！效果超级好！贵有贵的道理！很棒的商品！物流很快，物品完好无损，用起来很舒服，喜欢?物流满分?，包装快递满分?，配送员态度满分?，购物让人开心，吃土使我快乐~?????????,5
68,手机上手几天了，现在说下感受吧！觉得比起上一部手机Note10+5G信号好很多，运行速度也要快些，还有相机的激光对焦功能挺好的。总之对这款手机的还是挺满意的，功能齐全，爱不释手。,5
68,活动时间买的，非常满意！屏幕显示效果很好，操作也很流畅，现在买依旧不亏。三星的系统可玩度很高，有各种丰富的自定义功能，就是需要花时间自己探索！,5
68,用机一周，总体非常满！运行速度稳健，电池正常用一天完全无压力，拍照效果体验不错，非专业级别很多功能还不会用！,5
68,已经到手使用一周，可以来评论一下了。三星的旗舰机，性能相当不错。从使用一周的情况来看，确实非常好。无论是屏幕质量、整机性能还是相机水平，均属上乘水准。三星手机现在是国内的小众品牌了，本次购买附赠了1000多元的三星蓝牙耳机，总体价格与华为mate40pro相近配置机型的官方指导价不相上下。在买不到不加价的mate40pro时，这是不错的一个购买选择。,5
68,外形外观：大气\n拍照效果：绝对比苹果的好，像素在这摆着\n屏幕音效：三星的屏幕绝对碾压大部分厂家\n运行速度：没有一丝卡顿的现象，尤其是在玩游戏的情况了\n之前一直用的苹果，这次的购买确认对安卓改观不少,5
68,外形外观：外观很漂亮\n运行速度：速度和快，没有卡顿\n拍照效果：1亿像素，很清晰,5
68,颜值非常棒，方方正正的，运行速度快，照相清晰。,5
68,外形外观：外观漂亮，还是喜欢黑色，黑色大气。\n屏幕音效：三星的屏幕没得说，显示效果惊艳\n其他特色：京东快递一如既往的给力，速度超快，小哥服务很好,5
68,等了三个月还是没降价，就趁秒杀的时候入手了，屏幕是真的大，画面很舒服，像素也不错，送的耳机很方便颜值也高！虽然还没研究透,5
69,在京东买的第五部手机了，保真 客户介入快。本人第四部三星NOTE系列，好用！,5
69,服务周到，快递很快，手机及时收到了，出厂日期2021.12.22，一直用note9，现在可以退休了，note20u很惊艳。,5
69,使用一天:S换机助手确实快，SPEN使用好用，但电量下的快，下了几个小插件，还有很多功能待挖掘，再用几天追评，颜值绝对能打,5
69,使用一周来追评:屏幕好，使用插件方便，个性化设置好，唯一缺点电池不抗打，早晨八点半开始正常电话微信沟通，最多到下午4-5点。,5
69,很好的手机，以前用过note8感觉拍照效果很好，这款也没让失望,5
69,运行速度：丝滑\n拍照效果：非常好\n屏幕音效：还能接受\n外形外观：喜欢,5
69,京东购物，方便快捷，双十一到货也挺快，前一天晚上下单第二天就收到了，这速度杠杠的！必须点赞！手机时尚大气，炫酷，手写笔功能更是上档次，有排面，从第一次入手三星S8+、到S9+、S20到现在的note20ultra，每一次都让人惊喜满意，除了电池一般般以外，其他没毛病，比国产机还是强一些，用了就知道，优惠价入手，抄个底入手一部，手里的S20也才用了一年出点头，内存有点吃紧了，只有128G一个版本，note20内存大够用，S20给媳妇用吧，我用新手机哈哈?,5
69,高端大气上档次，送给老公的，用着很不错，一直用的都是三星note系列。好用，,5
69,初步试用非常好用，自带视频剪辑功能，特别适合拍短视频博主，相机效果好。希望不要像我的华为一样容易坏,5
69,物流速度没得说，打开看之后包装各方面都非常的好，用一段时间再来追评,5
70,"好看，霸气，用着显得很有钱，一看就是贼有派的那种，也拍很给力，其他可能是我不太会用，大品牌，用起来很放心，质量非常好，赶上活动购买非常的划算,就是客服在说起来物流的事的时候一问三不知建议加强，客服真的没啥用，谢谢",5
70,一直很喜欢Note系列，这回从S20转Note20 Ultra，感觉就是握着个小平板。AG磨砂后盖很爽，三星祖传沾指纹终于没了。感动。屏幕很大，色彩艳丽，外放感觉比S20更好，很满意。,5
70,外形外观：三星上一代神机，我的第二台了\n屏幕音效：2022仍然顶尖\n拍照效果：非常好，夜景尤好，比iphone不差，甚至超出。\n运行速度：还是第一流。,5
70,绝对值得购买，太舒服了。下个Goodlock，太帅了。真心安卓天花板。,5
70,当时客服跟我讲七天保价，我购买七天之内降价了但是又不给我退差价，垃圾JD,5
70,首先机子还是不错的，尤其是带的那个Spen是真的很不错，滿满的商务范，用起来也非常的方便，如果习惯了写字会非常的快，下面开始演示快写的效果，你看这就是快写的效果很不错是真可以但是不能太连笔/，也不能太潦草，否则，好了已经100多个字了，性价比/最重要的是外观方方正正的，好霸屏，好,5
70,手机到手了，非常靓太喜欢了。质量目前用还可以，值得购买。,5
70,外形外观：很棒我喜欢方方正正的\n屏幕音效：不错\n拍照效果：满意\n运行速度：很快\n其他特色：三星的屏幕不错，5g很快 总体比较满意,5
70,三星这个系列的手机已经买了2个了，这次是给同事代买的，他是看了我的之后，选择买的。屏幕很大，运行很快，还有手写笔，不愧是当时的旗舰手机。,5
70,外形外观：外观惊艳，摄像头突出扣分\n屏幕音效：最好的屏幕\n拍照效果：观感还行，5x拍照很强\n运行速度：app基本秒开\n待机时间：正常使用8小时，打开5g后 5-6小时\n其他特色：spen功能过于鸡肋，特别是浮空手势,5
71,3月份买的，缺货前最多选择的时候。\n磨砂的背壳，不留指纹是最大爱的。性能真的不输现在的主流手机，可以感受到这两年的很多手机都在挤牙膏了(芯片不足也是原因)。\n觉得价格合适就冲吧，note的最后一款，真的值。,5
71,外形外观：完美无瑕\n屏幕音效：双杜比音效\n拍照效果：一亿像素超无敌\n运行速度：反应极速\n待机时间：大容量电池,5
71,外形外观：完美手机中的天花板\n屏幕音效：很nice\n拍照效果：特别棒\n运行速度：在安卓里面还是可以的,5
71,真香，屏占比真高，本来想买13max pro，后来看了很多评价，选了这个去年的机皇。看中了三星的笔，真的很方便，特别是息屏时拿出笔就可以写书写了，太方便了，待机稍微差了，不打游戏也够用了,5
71,外形外观：外观非常受欢迎，迷雾金\n屏幕音效：音质棒，屏幕细腻亮度高\n拍照效果：拍照效果好\n运行速度：运行速度快\n其他特色：刚上手功能待发现,5
71,很好哈，太好用了\n外形外观：好\n屏幕音效：好\n拍照效果：好\n运行速度：强,5
71,三星的note系列手机不愧是安卓机皇   总体来讲 &nbsp; 做工很好&nbsp; 系统使用舒适  功能强大  性能卓越   &nbsp; 外形美观&nbsp;&nbsp;&nbsp; 送货很快&nbsp; 很满意这次购买过程和商品 ！,5
71,外形外观：非常好\n屏幕音效：非常好\n待机时间：非常好\n运行速度：非常好\n拍照效果：很好,5
71,外形外观：非常大气，好看是我想要的机型\n待机时间：早上起床百分之六七十的电一直玩到下午\n其他特色：系统很不错，就是新手使用起来有点不习惯，使用习惯后非常给力\n屏幕音效：屏幕细腻，显示无敌\n拍照效果：拍照非常，色彩分明一亿像素不是盖的\n运行速度：运行速度很快，没一点毛病,5
71,1.外观，直男的最爱，这个黑色又有陶瓷质感，手感轻薄，这是苹果华为无法做到的。\n2.屏幕真的是超级震撼，屏占比很高，然后又丝滑顺畅，三星的屏幕又通透，反正就很爽。\n3.拍照无敌，无论暗光还是复杂光线下都是得心应手。\n4.现在三星的系统真的进步很大，和国产比起来不差上下，甚至有些地方还更加人性化，只是小白不容易上手，给的不是很直接，但是可玩性非常高,5
72,用了一段时间再来评价的，各方面都很满意。日常拍照也不错。One UI很强大，在B站学习中。但我过了喜欢折腾的年纪。S Pen对我的用处很大。第一部手机是20年前的Anycall，现在再次回到三星，感慨时光飞逝。,5
72,外形外观：漂亮\n屏幕音效：漂亮\n拍照效果：漂亮\n运行速度：漂亮\n待机时间：漂亮\n其他特色：漂亮,5
72,宝贝己收到，完好无损，手机手感好，屏幕大，很清晰，音质很好，运行速度快。谢谢客户耐心解答,5
72,棒棒棒 超级不错 屏幕真大 就是图标分辨率低，其他的都很棒,5
72,收到了就迫不及待的打开看了一下手机确实颜值不错黑色很大气上档次是我最喜欢的颜色，手机非常漂亮也非常的喜欢，正品，运行快不发热。就是刚开始充电的时候发热，夏天热也很正常。,5
72,越看越美丽?,5
72,外形外观：看了很久的手机，很喜欢\n屏幕音效：惊艳，很漂亮\n待机时间：充电比之前的s9好太多了\n之前手持s9三年 4+128，整体现在力不从心，终于那天忍不住入了n20u,5
72,东西还行，跟预想的差不多\n拍照效果：很不错\n运行速度：很好好快\n外形外观：方方正正，我喜欢,5
72,非常好，是自己喜欢的，颜值非常高。用了两天，感觉掉电还是比较快的，缺乏安全感，其余都挺好，尤其喜欢span。,5
72,一直使用两台手机，一台华为Mate10pro，一台三星N9，华为工作用多，三星日常看资讯刷视频等用。喜欢三星的屏幕、款式及手写笔，N9双11前绿屏了(华为还是杠杠的)。唉！才两年多的机，很可惜(打算寄修)。看到京东N20，价格还可以，就入手了。使用两天，各方面都可以，耳机听音乐觉得还不如N9。,5
73,记得第一次使用三星手机还是2003年的拍照旋机P408，那时5880元，也算是机皇了，现在使用三星依旧那么的旋，相信京东商城里的东西，物流很快，值得拥有！！！,5
73,其他都很出色，就是耗电严重，开的功耗多，一天我要充两次，不过每次都是用一半就充！,5
73,从2G时代就用三星手机，一直用到N9，现在已经是5G时代了，就想升级，关注这款很久很久了，乘双十二，价格降了很多，就果断买了。到货后，无论手感还是屏幕以及流畅度都很好。摄影比我以前的N9好多了，好在变焦方便许多。等用过一段时间再说。,5
73,外形外观：简直无敌\n屏幕音效：还没有开机试\n拍照效果：摄像头非常凸出\n运行速度：顶级处理器必须杠杠的\n待机时间：正常,5
73,第一次用三星 被这个手机大屏幕和笔吸引了 到手发现越用越好用 真的不错 尤其是这只笔 超爱 电池有点逊色 如果续航能再好点就完美了 显示效果非常棒 好多东西没来的及研究 有时间得好好弄弄,5
73,旗舰机就是旗舰机，三星就是三星，用着非常的舒服。京东物流一如既往的快，快递小哥一如既往的用心。爱了！赞了！！,5
73,手机挺不错的，很好用，暂时没有发现什么问题，时隔10年再次用三星手机，有种似曾相识的感觉，质量没的说，没有无法挂机，卡死的情况！,5
73,手机非常好用，颜值爆表，低点奢华有内涵，扬声器非常浑厚，有混响的感觉，拍照非常清晰，反应很快，性能妥妥第一梯队，看屏幕眼睛压力小多了。,5
73,屏幕很细腻，笔用起来也很方便，中等使用电池使用不到一天，充电速度还可以，一个小时左右可以从25%充满,5
73,昨天早上来的手机 晚上下班回去 就迫不及待打开了 三星手机的\n外形外观：yyds\n运行速度：快\n拍照效果：挺清楚的\n屏幕音效：非常好,5
74,屏幕音效：相当到位，立体感很强\n拍照效果：夜间可以很清晰的拍出想要的效果\n运行速度：顺畅,5
74,其他特色：手机很漂亮，虽然大，拿在手中也没有象担忧中的握持手感,5
74,这款手机是同事推荐的，跟他买了一模一样的。考虑了很久，内存、存储都是同样价格性价比最高的，这个价位能买到12GB+256GB，还支持存储扩展，可以说是非常强大了。\n还有很多小功能正在摸索，非常好用。,5
74,这做工很对得起降价后的N20U了，看上去挺大实际上并不会感到很重,5
74,非常好的商品，发货很快，物流也很快，出厂日期是最近的，先发个好评吧。,5
74,618搞活动买的，已经用了一段时间了，手机拿在手里的感觉真的很漂亮，三星的颜值在线，屏幕很好，系统流畅，笔很好用，好评！,5
74,很不错的手机，因为显示很好，所以电池就感觉不那么给力了，不过还好，还能过得去，机皇就是机皇棒棒哒,5
74,虽然是。过期的机型是现在足够用手写笔确实是。放的有用。用起来很方便，运行速度，很不错。,5
74,外观设计很喜欢，普通用手机用户，看个视频，看个新闻聊个天，过了玩游戏的年龄了，好多感觉炫酷的功能其实不适用，曲面屏就那样吧，对于我来说3000的手机其实完全够用，,5
74,东西不错挺好的，符合预期，用着也很顺手很流畅，颜色也很高大上，快递也挺快，16号下单，19号就到了，挺满意的一次购物。以后有机会还在你们家买东西，5星好评。按照手机显示的序列号和IMEI就是查不到激活的时间，搞不清楚是怎么一回事。,5
75,拿到手就迫不及待的开机使用了，不愧是机皇，手感好，各种操作超跟手，且屏幕显示那不是吹得，真的很棒，感觉比Note10+明显要快和顺滑。,5
75,Note10＋用户，10使用很好，屏幕一流颜值高，原以为20会更漂亮，没想到一个摄像头大大的凸起，直接劝退。,5
75,外形外观：外观很满意，不是想像的那么大，\n屏幕音效：音质太好了。\n拍照效果：拍照特别清晰，,5
75,真的超级喜欢，质量非常好，与卖家描述的一致！?看起来还不错，包装的很仔细，价格也非常公道，还会继续买买买！??值得购买！没有什么味道，用起来还可以?，没有不舒服的地方?，所以我还蛮喜欢的?已经多次购买了，家庭必备，购买价格实惠，送货速度很快，?包装也很精美物流很快，?产品很快就收到了，比想象中还好，不错不错！希望能耐用很快就到了，全新正品?，包装很仔细，没有问题发货超级快，到货超级快，包装很精致，真的是开启了新世界的大门&hellip;&hellip;用了觉得很不错，商品质量好，发货也挺快的，总之就是很赞了物流速度真的是没话说，就是一个字：快。商品从外包装来看非常高档，真是一分钱一分货，贵有贵的道理到货就迫不及待打开了，果真没有让我失望，质量特别好，颜值也相当高，满意的一次购物,5
75,外形外观：美观大方\n屏幕音效：完美\n拍照效果：清晰\n运行速度：运行流畅,5
75,"这是首次购买的第一部三星手机，它的发售时间已经一年多了，跟我的iPhone12proMax同年发售的，当初20年时纠结过要买它还是12promax,但最终我还是选择了苹果，同样是真心喜欢它那硬朗的外观和6.9寸的大屏幕，以及看上安卓极好的兼容和娱乐体验，非常适合打游戏，所以还是入手了。不过，有一点要提的是，用习惯了苹果重新再用安卓，是真的能感觉到它们的差距很明显，总结还是苹果好用很多，但苹果系统太封闭，有很多东西需要安卓才能带来，所以一部安卓，一部苹果，完美！！",5
75,从note7开始从索尼慢慢转向三星，note系列8，9，10都买过，真的不错，120hz很流畅，屏幕清透，发色靓丽，还送了live耳机，真不错,5
75,其他特色：系统增加了很多功能，很实用，太美了\n外形外观：太美了，毋庸置疑，这哪是手机，完全是艺术品\n拍照效果：很赞，不后悔入手\n运行速度：杠杠的\n屏幕音效：屏幕还用怀疑吗？如今最好的屏幕,5
75,非常棒，屏幕不用多说，系统功能也很多，最重要的还有s-pen，用起来很棒，刚开始电池有些不够用，学习一段时间现在中度使用能维持晚上七八点充电。拍照也可以，送上2022年的朝阳,5
75,特意用了几天再来评价。手机是2月份生产的，很新。系统开机之后升级到oneui4.0，很流畅，无掉帧，卡顿。屏幕很惊艳。非常值得推荐。,5
76,外形外观：非常满意\n拍照效果：非常满意\n运行速度：非常不错,5
76,外形外观：三星的颜值一如既往的优秀\n屏幕音效：屏幕不必再提了，教科书式的典范\n拍照效果：拍照质量很好\n运行速度：骁龙865＋高端处理器,5
76,外观一样的商务、大气，屏幕靓丽，运行速度非常快，不愧是安卓机皇。,5
76,用了些天才来评价，使用感受很好，科技方面我说不出一二三，但是运行流畅，充电也不会发热，拍照效果也让我满意。很多功能我还得慢慢琢磨。,5
76,一直用三星手机，可能用习惯了三星，其它品牌屏幕就是看不习惯无论（清晰度、颜色），还有操作、相机、顺滑、流畅度各方面都非常好，更没有差评中的各种问题，尤其客服有问必答、而且非常详情与耐心，以后还会继续购买三星，建议用其它品牌手机的消费者可以尝试下用三星手机（有您预想不到的惊喜），三星果然是国际品牌，非常满意。,5
76,激活试一下，很棒！系统很流畅，屏幕很细腻！大爱！,5
76,心心念很久的末代机皇终于拿下了。外形方正，屏幕顶级，反应很快，拍照特别是那支S pen...不管从哪方面讲，这都是手机届的一股清流，机皇名号不是白给的。本人用着三星S10+，素质本来已经很不错了，无奈年后京东给了大额优惠券加12期白条免息，终于忍不住下手了。三星手机，你值得拥有！,5
76,此用户未填写评价内容,5
76,三星旗舰一如既往的给力，865plus再跑两三年不是问题，也不玩游戏。就喜欢三星的设计，屏幕等。\n拍照效果：拍照很好\n运行速度：速度飞起,5
76,一直用三星手机，还是很不错的，这款虽然是最后的note了，但各方面都挺惊艳的，屏幕，操作还有流畅度，拍照都是让人很满意的，有了s pen更是如虎添翼了?,5
77,总体来说，确实很不错，客服的服务态度也很棒，说话几乎马上就会回消息，物超所值，真心推荐细节非常完美，整体来说真的很不错。性价比很高，下次还会继续光顾！?非常漂亮，做工精细，颜值担当，非常方便，?喜欢的朋友可以下手！?非常漂亮，做工精细，颜值担当，非常方便，?喜欢的朋友可以下手！外观设计漂亮，尺寸大小合适，包装仔细完整，宝贝手感不错，感觉很好，发货速度快，服务态度一流，给力！5星好评！,5
77,三星手机的质感真的是没的说，质量也非常好，屏幕非常大，不管是看书，玩游戏还是看视频都非常好。真的是非常满意。,5
77,拍照很好，尤其夜景，同景特意拿家人其它品牌手机对比，优势很明显超清，画质感更真实。这里说明一下，我不大拍照，所以怎么设置更好就甭提了，只是随拍：）速度很快，三星屏幕的优秀加上大屏感觉棒极了，再去看其它机子差距感太明显了，玩了几局和平精英，画面很棒、流畅、语音对话超清，无卡顿。音乐效果很棒。那支笔，挺好玩，还没摸透，以前一直 S 系列。,5
77,好评。比22ulltra要轻便不少，拍照上也和预期一致，很清晰。特别5x潜望长焦，用起来很方便,5
77,外形外观：虽然屏幕大 但是拿在手里并不觉得重\n\n拍照效果：8k的分辨率，用来摄像真是非常清晰,5
77,超级好的手机，不愧是安卓机皇。三星的屏幕是真的好，前摄像头和屏幕融为一体，屏占比超级高，手感和清晰度非常好，拍照也很厉害，手写笔很实用，外观超级好看,5
77,很不错的一款商务机，手感很好，轻薄有质感。颜色很大气，蛟龙最高配置，应该很耐用！,5
77,屏幕音效：不错\n拍照效果：很好\n运行速度：还行\n外形外观：外观好看,5
77,外形外观：漂亮\n屏幕音效：音效不错\n拍照效果：很好\n运行速度：可以,5
77,不错非常满意，包装很好无破损，，质量很好，手机手感很好，外观漂亮，我个人觉得拍照很好。总之一切都好，我是三星迷，我从用手机就一直都在使用这个品牌的,5
78,外形外观：大！很大！三星屏幕值得信赖\n拍照效果：没怎么拍太多，感觉不错\n待机时间：一般\n运行速度：很好,5
78,外形外观：一如既往的旗舰感受，迷雾金的配色很好看，尤其是后盖磨砂的手感，非常特别\n屏幕音效：120Hz屏幕，真香！\n拍照效果：完美！\n待机时间：一天2-3充将成为常态,5
78,实话实说颜值是真高，从s8+到note20ultra，屏显一流，这是决定购买最重要的因素。,5
78,三星 SAMSUNG Galaxy Note20 Ultra 5G 5G手机 S Pen&amp;三星笔记 120Hz  12GB+256GB 迷雾金外形非常时尚又漂亮，屏幕音效非常棒，拍照效果也非常棒，\n运行速度：超级快\n待机时间：在观察中\n其他特色：本机颜色人见人愛，618期间优惠大，发货速度快，怏递员服务非常满意！,5
78,外形外观：很不错，一直钟情黑色\n屏幕音效：感觉很好\n拍照效果：提升很大，新功能要好好研究一下\n运行速度：飞一般的感觉，谁用谁知道\n待机时间：这个要后续追加，才刚充完电玩呢\n其他特色：送的贴膜和保护壳都不错，关键还有800京东卡,5
78,外形外观：NOTE20U做工完美！大气\n屏幕音效：非常细腻，120HZ刷新非常完美！\n拍照效果：1亿像素，拍照非常清楚\n运行速度：865没话说啊,5
78,屏幕大、运行流畅、显示效果一级棒、One UI系统人性化设计，简单易用。最后拍照效果非常好。,5
78,超级喜欢， 手机刚到，简单用了用很不错。,5
78,外形外观：方正，大气，上档次\n屏幕音效：屏幕顶级，高刷果然很舒服\n拍照效果：扫码够用\n运行速度：很快，比s9plus快多了\n待机时间：一般般吧，但是也比旧手机强得多\n其他特色：笔手感很好，满意,5
78,屏幕音效：屏占比很高三星屏幕一如既往的好屏幕分辨率刷新率都很好\n拍照效果：不错50倍变焦超广角拍照效果挺好\n运行速度：很流畅spen很好用很方便\n待机时间：4500毫安电池待机还行一直玩能坚持一天\n外形外观：外观不错就是摄像头有点大有点突出戴上送的手机套挺好的,5
79,外形外观：边框控制很好，握感舒适\n屏幕音效：三星顶级的屏幕，无需多言\n拍照效果：清晰细腻,5
79,半个月前就开始留意这款三星Nate20Ultra手机，很喜欢这种硬朗直角的外观，再加上2K的曲面顶级屏，当时就想拥有它，无奈手里正在使用的也是入手不到四个月的新手机，于是就犹豫了，现在双十一之际，这三星手机价格优惠了不少，不得不又滑了下手指，次曰京东小哥就工工整整地送到手上了，十分的满意。\n新的三星Nate20Ultra外观果然霸气无比，就这外观足够迷住我，2K级的显示屏显示细腻鲜活，拍照摄影也是很强大。\n现在还没时间去捣鼓这个新手机，脑袋瓜有些笨，只能慢慢的适应新宝贝。收货时闹了个小笑话，还是要谢谢三星手机官方旗舰店很有耐心的客服，更要谢谢京东售后的迅速跟进和处理速度，手机是完美的，服务也是完美的，过程也是愉快的，谢谢！,5
79,三星Note20 Ultra收到差不多有半个月了，手机的基本功能也使用熟练了，感觉很容易上手，并不像有些朋友说的那样很难用，这个note20Ultra的运行很流畅，系统干净整洁，几乎没有广告的骚扰，（不像某些国产旗舰机，关闭了个性化推送依旧有广告骚扰。）手机上预装的几个第三方Apk都可以随意卸载，这部三星Note20Ultra手机我很喜欢，它的系统也很喜欢，\n刚刚申请了价格保护，京东方面也是言出必行，差价已经补偿到位，速度真是杠杠滴。,5
79,这手机，速度、外观那是没得说，独有的S pen适应了两天，用着挺顺手，尤其悬空操作，挺爽，重要是现在入手，物美价廉,5
79,外观漂亮，显示清晰，色彩艳丽，拍照效果很好，照片细节清楚明了，运行流畅。,5
79,电池出乎意料耐用，中度使用一天完全没问题，手写笔很灵敏。拍照相当不错，比原来用的vivo x60要好。,5
79,手机到货，非常非常的满意，三星手机是我一直在用的一个品牌，手机的性能还是非常不错的，这个时间购买这款手机，性价比还是比较高的，买后的三天，我申请了保价，非常感谢京东,5
79,外形外观：外观设计漂亮\n屏幕音效：音效很好\n拍照效果：拍照绝了\n运行速度：速度可以,5
79,屏幕音效：屏幕效果非常好。\n拍照效果：拍摄效果非常好，特别是夜间。\n运行速度：运行速度也很快。,5
79,用了一个月了，感觉很不错，手感很好。一直喜欢这种大屏，速度也快，就256与512内存的价差太大了。只好选256的了。,5
80,看了这款手机很久了，刚好做特价，还12期免息分期，真的很划算，120HZ刷新率用了真回不去了。拍照没得说，一直信赖，Spen更是非常好用，手势很多，手感超棒，屏占比非常高，视觉效果非常震撼,5
80,11月2号下单，3号中午到手，已使用16天，电池中度使用天一充，连续看两片超清电影无发热，清晰度，运行等等一切完美，（三星S6+刚上市用到今年11月3日也应退休了，但愿它能像S6＋那样质量过硬，三星旗舰机值得信赖）,5
80,双十一抢购的，便宜了好几百块钱呢，一直想买这款手机，去实体店看过，很喜欢它的手感，趁此机会毫不犹豫的拿下。京东物流就是快，第二天就到货，迫不及待的打开，真的很养眼，金色很大气，屏幕大，很清晰，下载软件什么的，也弄了一两个小时，手机并没有评论中说的发烫现象，调电快好像是三星手机的通病，特别是刚开始的电量，之后反而好一些。总的来说，我挺满意的！,5
80,用了几天非常好用，美观大方，以前曾经用过，三星现在更好了。,5
80,外形外观：外形和外观中规中矩。有一点点大。\n屏幕音效：请问和音效真的没话说非常好。感觉这种屏幕用起来非常舒服，不伤眼睛。\n拍照效果：拍照效果也确实可以。不会去夸大，也不会去说小。这非常不错。\n运行速度：运行速度非常快，我玩了一些游戏，比如说王者荣耀，比如说，吃鸡。用起来都很流畅，但是有一件事情就是发热有点点严重。\n待机时间：待机时间相对于其他的手机来说还是可以的。\n其他特色：手写笔很方便。,5
80,外观，做工和spen吸引了我换机的兴趣，多年没用note系列了，很多新功能需要摸索学习，总体来说，体验非常棒！,5
80,外形外观：比较方方正正，不是圆润型的，Note系列都是这样\n屏幕音效：屏幕没得说，顶级的，120Hz也是最高端的\n拍照效果：非常满意，广角长焦暗光的表现都非常出色，色彩蛮好的\n运行速度：旗舰机型，最高端的处理器，速度杠杠滴\n待机时间：还好吧，一天一冲没问题，还有无线充电,5
80,第一次用三星，出乎意料的好，非常棒，无论颜值，手感，系统，拍摄都是超级棒，更有逼格是笔和屏幕。总之，真正爱上它了。,5
80,嗯，用起来那是真的爽呀，尤其这个笔，简直是放不下，这玩意儿谁用谁不迷糊呀，谁用谁不喜欢呀？哈哈哈哈哈哈！！！,5
80,很大气的手机，三星才是安卓之光，屏幕看上去很细腻，系统流畅，总是会有很多小惊喜，出厂日期也很新鲜，非常喜欢。,5
81,昨天才收到手机，今天就降价300&larr;_&larr; 手机很好，一直用的三星S系列，第一次用N系列，屏幕、相机还是一贯的完美，外观比S系列硬朗，个人感觉保护套太丑了。,5
81,用了几天才来评价，真的很流畅，三星现在真不错，我S9+两年多依然很流畅，不知道为什么国内用的人不多了，没用过note，除了没研究明白笔怎么用有哪些功能外，很喜欢这部手机,5
81,本人是三星手机的忠实用户，从第一代note用到note10，三星手机越来越好用，这次趁618优惠又买了这款最新的note20u，个人认为三星手机最大的缺点就是贵。手机刚到手，只开机试用了一下，软件升级到最新版本，外观很漂亮，屏幕及拍照都不错，具体的操作有很多变化，还在摸索熟悉中。,5
81,外形外观：磨砂质感，让人陶醉\n屏幕音效：顺滑清晰，引人入胜\n拍照效果：随手一拍，大片初来\n运行速度：配置顶尖，快乐每一天\n待机时间：不算太久，充电宝随手\n其他特色：笔是核心，屏是吸引，电量稍低，其余牛啤！,5
81,手机外观大气，比我之前的Galaxy Note8大了一圈，电量中度使用一天有余，拍照效果不错，运行也非常流畅，不知道往后还有没有Galaxy Note系列了,5
81,一直是三星的忠实用户，家人和自己的手机全是三星，就冲这块屏幕也是值得购买的，至少不像某品牌靠抽奖，双11优惠加上消费券，真是值了，还送buds live耳机，真好buds＋洗衣服的时候没拿出来进水坏了\n外形外观：就喜欢note的方方正正\n屏幕音效：三星的屏幕不说了，业界第一\n拍照效果：无比清晰，夜拍棒棒的\n运行速度：12g运存绝对流畅\n待机时间：很不错,5
81,旧机换新机，一直用三星note糸列，看了评论，note20还是很好，就是忘了备份微信，记录都没了。\n京东商城旧机回收很好，19年的机都有一半多回收价。,5
81,原装进口机皇，搞活动送无线耳机，非常得力，，手机运行快，堆料目前来说顶级了，一直用三星手机！,5
81,爽，从iPhonex换过来的，这刷新率太过瘾了，丝般顺滑，续航还不错，充电比iPhone快太多了，很喜欢，,5
81,手机收到非常好，是正品行货(9月新机)，用了几天，电池容量充足，待机时间长，连续打电话也长，至今没有发现问题，非常满意！,5
82,手机很喜欢，应该是正品，根据网上教的气密性测试，数据变化比较大，手机是21年10月生产的，也蛮新的了。原来就用的三星手机，从NOTE5开始，这是第三部。,5
82,东西不错，手感超级好，特别是屏幕无论拍摄还是播放，清晰的不要不要的，功能还在摸索中，总之非常喜欢。,5
82,心心念念了好久的手机，还是下手了，屏大，视觉效果很好，用笔写写画画也很方便，喜欢note系列的两个原因，大屏和笔。,5
82,外形外观：颜值非常高，很喜欢直角的风格。\n拍照效果：拍照效果就不用多说了，基本是最强拍照效果了吧。\n运行速度：运行速度非常快，再也不用担心存储容量不足了。,5
82,外形外观：超级大气的外观 颜值一直在线的一款手机\n屏幕音效：音效质量超级高\n拍照效果：拍照很清晰\n运行速度：超级超级快,5
82,到货太快了，前一天晚上下单第二天一早就收到了，这速度杠杠的！必须点赞！手机时尚大气，炫酷，手写笔功能更是上档次，给上大学的儿子用绝对有排面，三星note3、S10、到现在的note20，每一次都让人惊喜满意,5
82,打开一看，很惊艳，一系列开机流程过后，运行起来很正常，很不错体验，特别是Spen功能强大，还在摸索阶段,5
82,京东自营送货很快，手机挺好哦，用了再追评，必须赞赞赞赞赞赞赞赞赞赞赞赞赞,5
82,用了一段期间才来评价的  这款机器特别的好 手机特别的漂亮 像素 外形  音质都很好的一款机器  值得拥有信赖的品牌,5
82,一直用的三星的手机，对这只笔情有独钟，这款手机看中好久了，这次618终于下定决心买了回来，金色的很漂亮，手机很轻便，拿在手上挺舒服的，送的耳机也不错。,5
83,宝贝挺好看的，迷雾金真的很好看，屏幕很清晰，用的很好，很喜欢。\n拍照效果：非常好。,5
83,手机已经收到，系统很流畅，用的屏幕看着很舒服，很顺畅，以后有需要还会再来买的，京东的服务也很好，直接送货上门，服务态度很好，需要还会再来买，希望京东服务好,5
83,外形外观：惊艳\n屏幕音效：顶级\n拍照效果：还没用过\n运行速度：超快,5
83,用了三四天，手机运行很流畅，屏幕分辨率也很好，玩手机游戏也很流畅！,5
83,外观好看，屏幕大，操作容易，使用方便，反应速度快，物流很快。兼容性也不错,5
83,手机不错，运行速度快，拍照清晰，还有手写笔，更多功能有待自己摸索，用了一段时间才来评论，老公很喜欢,5
83,外形外观：商务的外形，稳重，时尚。\n屏幕音效：非常棒，整个屏幕都可以发声，科技感很强。\n拍照效果：不愧是三星，拍照效果特别出色。\n运行速度：非常快，是目前市面上非常出色的手机。\n待机时间：目前刚开始使用，待机还可以。\n其他特色：就是摄像头突出太讨厌了。。。。,5
83,外形外观：精致\n屏幕音效：非常不错\n拍照效果：效果很棒\n运行速度：快快快,5
83,外观颜值高手感好，实物很漂亮做工很精细，系统顺滑音质也很清晰，拍照很清楚，老公一直喜欢用三星手机铁粉。发货速度很快。,5
83,已经关注好久，一直使用三星note系列，既因为方正阳刚的外观更因为spen功能的强大，在处理文档，编辑文件时非常便利，习惯之后很难舍手。总之手机很满意，信赖京东，快递小哥辛苦。,5
84,外观很好看，功能也挺多，到21年也依旧不过时，感觉能用好久，手写笔的功能也比上一代多了一点，蛮好的手机,5
84,外形外观：高端大气上档次\n屏幕音效：相当不错\n运行速度：超快,5
84,颜值确实很高，背面都可以当镜子用了，耳机，充电头，数据线一应俱全，用几天再来评价,5
84,非常好的手机，之前买了一台黑色的，用了1年3000多卖了，本来以为会出note21.结果没出，又入手一台金色note20。和黑色区别金色后盖是磨砂的，黑色镜面容易沾指纹，三星note系列，安卓天花板。。。一部三星一部iphone，完美。,5
84,6.9英寸的曲面屏非常完美，色彩饱和度也非常的美丽，系统流畅不比苹果差，手感体验度非常高，一款性价比非常高的手机,5
84,手机已收到，外观很大气，三星的屏幕还是一如既往的好，很喜欢。,5
84,三星的手机真的不错，外观大气。操作特别舒服,5
84,外形外观：外观真的很好看，完全比过我现在的11PRO，很喜欢\n拍照效果：拍照效果很好\n其他特色：机子很满意就是这个价钱怕过几个月就掉价，没有水果保值?,5
84,外形外观：超级炫酷好看，工业设计真的很好看\n屏幕音效：三星的屏幕还用多说吗，业内第一没得说\n运行速度：还在体验中，目前感觉良好,5
84,在三星新机发布之前买的这个手机，果然没有让我失望，三星note系列的做工真的很精致，这么大屏幕的手机拿在手里一点也不感觉沉，像素清晰，三星的屏幕从来都是最好的，spn笔也很方便，大爱！系统运行也很流畅。,5
85,我是一名三星的忠实粉丝，从note4开始一直使用三星手机打开盒子映入眼帘的是那块超大的曲面屏，拿起手机那手感绝对是一流的，用了几天屏幕画质清晰流畅度极佳，手机反应快拍照清晰度极高没有色差，4500毫安大电池也够我使用一天，系统更新了4.1后优化可很多软件各种功能体验很好，感谢快递小哥热情的服务和京东优质的保障，感谢三星为我们提供优质的产品期待后续做的更好！,5
85,三星手机真是好漂亮，像素色彩鲜明，手机运行流畅，内存强大，喜欢?一直犹豫，收到非常惊艳，这次降价也是非常不错，力度想当大，以后还会光顾，手写笔用途广泛，是我最中意的！,5
85,上一部手机是s10，用了三年，看到了note20果断入手，屏幕是真大啊，运行流畅，照相非常清晰。,5
85,我打它的主意已经蓄谋已久了，难得这次搞活动降价，所以果断的订购了一台。生怕过了这次活动就没有了。外形方正精致，正是我的菜，我很喜欢。现在刚拿到手，还有很多功能未了解，得花些时间慢慢摸索才行&hellip;&hellip;,5
85,三星的屏幕和质感真的惊艳到我了 简直就是艺术品 还带一只spen办公签字手写输入都太舒服了 刚好赶上活动入手很划算,5
85,屏幕太爽了，系统很流畅，耳机是AKG的。手写笔的功能强大。遥控拍照很NICE..不愧为一代机皇.,5
85,宝贝正宗，是越南今年3月份生产的，我特别喜欢，是我需要的想要的喜欢的宝贝！！大爱！！大赞！！一直想买这个型号的手机，如愿以偿！！整体感觉特别棒！！！用了二天有时发热厉害，总体感觉特别爽！！！五颗星好评，继续再来,5
85,屏幕音效：屏幕真的特别好，也特别大。\n运行速度：运行速度特别快，865+很强。\n外形外观：外观方方正正的，很大很好看。,5
85,一直喜欢三星，从1-3-5-S6-8-在到N20，喜欢用三星的屏幕，很多人说耗电快，我感觉还好，毕竟屏幕那么大，,5
85,外形外观：颜值十分在线，不愧是安卓机皇\n屏幕音效：旗舰级别的效果\n拍照效果：很棒的三射，各自发挥所长\n运行速度：十分令人满意\n待机时间：在接受范围以内\n其他特色：机身黑得像一面镜子，给人爱不释手的感觉,5
86,神一样的手机，很男人，很值得拥有!,5
86,运行速度：还不错\n外形外观：很好\n拍照效果：等待确认，应该不会让人失望的\n待机时间：有待考证,5
86,屏幕音效：一如既往的靓\n拍照效果：还好\n运行速度：极速\n其他特色：手机壳烟熏味很重,5
86,发货超级快，到货超级快，\n外形外观：辨识度很高，不输国产\n屏幕音效：屏幕当然很赞\n待机时间：待机时间有点拉胯,5
86,不错 非常完美 即使是两年前的机器 一点也不过时,5
86,首次买这种带笔的三星机子。感觉很流畅。屏幕质量很好。,5
86,不错不错，很满意的一次购物，京东购物值得信赖。一直喜欢在京东上购买手机的。这次买了三星n20u。非常喜欢?三星手机拍照很好&hellip;&hellip;值得拥有,5
86,外形外观：大小合适，做工精良，出口品质，最满意的一次淘货，很喜欢，下次会再来！\n屏幕音效：可以说三星自家的，无人能比\n拍照效果：安卓旗舰水准\n运行速度：12G内存，无卡顿\n待机时间：受大屏拖累，120hz刷新，待机一般，好在有快充,5
86,发货速度快，快递服务好。手机运行速度超级快，图片、文字很清晰，不愧为NOTE系列的最后机皇。已用了三个三星手机，这是第四个。用S换机助手，原手机的文件和程序一次性传到新手机，特别方便。,5
86,太香了，使用体验和之前的苹果?完全不一样，这款大屏幕简直温润如玉，爱不释手，系统非常流畅，打局王者，感觉跟玩3A大作一样，yyds。,5
87,屏幕特别好，而且整体性特别强，看上去就像一整块屏幕一样，总之很上档次。先用一段时间再来看看。,5
87,?商品收到了，包装得很好，物流非常快，客服态度很积极，有问题及时解答！总体来说非常满意！三星品质没的说，价格略有点贵，但是玩的是情怀。,5
87,手机外观设计很简单看，用着也很流畅，系统本身预装上软件太多了，可以精简一下的话就更好了。,5
87,外形外观：高端大气，比Note 10漂亮多了\n拍照效果：只拍了一张照片就很满意,5
87,这是我用的第四部三星手机。始终中意该品牌手机，用着极顺手、漂亮、大方。,5
87,三星屏幕素质真的没的说，色彩好看，屏占比也很赞。一直都喜欢note系列方正的设计，可惜note20是最后一代。,5
87,官方旗舰店购买放心，有保障，很不错的一款机子，一直使用三星note系列，支持！,5
87,这款手机功能强大，手写笔使用方便，随身的笔记本彻底抛开，录音转文字功能超越一般录音笔，实现同步转换。较前几个版本性能提升很多，好评！,5
87,关注这款手机已经很长很长时间了，但是碍于价格高就没舍得买，现在京东上搞活动一下，优惠这么多，感觉非常划算，就买来新鲜一下，毕竟这款手机外观和性能都非常非常优秀，最主要的是他的外观我很喜欢，买到手以后把玩了一下，感觉整体感觉还可以对得起他旗舰手机的称号，有些功能在其他手机上是没有的，还在摸索当中，希望他好用吧。,5
87,外形外观：手感很好，外观外形很不错\n屏幕音效：也很清晰\n拍照效果：也很清晰,5
88,一代机皇，名不虚传：屏幕艳，速度快，颜值高，音质好&hellip;&hellip;。评价一个字：靓；两个字：很靓；三个字：非常靓！,5
88,其实手机自己还是在乎他的拍照，还有就是有笔可以写写画画，其他功能的其他手机都会有的。它的拍照效果还算可以，如果你要求很高，那就买单反吧。这手机还是蛮喜欢的！\n商家的服务，客服的态度很OK，物流咋也快速，到货很快。谢谢啦！,5
88,手机使用起来很不错，很流畅。不过续航还有待提升,5
88,外形外观：颜色太高了\n屏幕音效：特别高端的屏幕\n运行速度：运行速度很流畅苹果手机换的三星\n待机时间：电池一般耗电太快了,5
88,这么多年已经习惯了三星的操作系统，换机助手很方便更换手机，三星的每一点进步都感受到了，外观设计美观大方，屏幕显示一流，拍照一流，note手机最后一代当然要收藏了。,5
88,"三星note一直在用，从note2到note20,非常值得购买，20速度快，一直喜欢三星手机的颜色，非常的鲜艳，靓丽。最喜欢的就是笔，功能多，继续购买三星note，值得拥有。",5
88,拍照效果：目前最好\n外形外观：有点大，看电影视频很爽\n屏幕音效：一级棒，,5
88,外形外观：一直喜欢这种方正的款式，很满意\n屏幕音效：坚持使用三星的原因其中就是音效。屏幕清晰。,5
88,5200入手的note20ultra是真的香，屏幕显示非常惊艳,5
88,去年买了一只，用到现在，觉得很好用。所以，在涨价前又买了一只，送\n运行速度：很快，比之前用的好几个手机都快,5
89,三星不愧是屏幕界的天花板，显示很惊艳，金色很耐看，120高刷很好，配件齐全，865+很不错，不发热。手写笔很实用。,5
89,京东买还是放心一点，现在这个也很不错。手机很大气，有手写笔很方便。865plus的性能比现在的火龙也差不了多少。用一段时间再评价。,5
89,终于拿到期待已久的NOTE20U了，之前一直用S系列的，今天上手后非常的惊艳。\n虽然没有100倍变焦，但是感觉足够用了。\nSPEN很实用，还可以当遥控器，并且有手势控制。\n特别是记录文字和画画批注，非常方便。,5
89,三星经典手机，拍照也不错！功能非常优秀，还可以当电脑用！,5
89,这款手机很喜欢，去年双11买了这款型号的黑色，有地方掉漆，今年三星会员日的时候，优惠大的时候，立马下单买了一台金色。只希望这台别掉漆，用久一点。京东的服务很不错，真心喜欢，以后有需求，又来买。,5
89,以前用过三星note4手机，特别喜欢它的手写笔，记事等特别方便快捷。这次又买了三星Note20 ultra手机，它的拍照很棒，但不知为啥Note20 ultra前后相机同时拍照的功能没了，同时录视频的功能倒有了。屏幕就更不用说了，顶级。,5
89,这个手机的手机套非常大的味，已经在外面风吹日晒了四五天了，依然熏人，熏的头疼。跟客服联系，说是硅胶。但百度学习了一下，气味大的用的是非常劣质的硅胶，对人体有害。,5
89,手机很快就收到了，京东服务实在太高效了，用京东白条买的，太方便了，正品，可靠，给个五星好评,5
89,机子到手后，感觉好极了。外观太棒了，系统很流畅。三星note系列不愧是机皇。,5
89,正在摸索中，电池也很给力，，自己使用每天八点上班晚上十点钟电量还有百分之10左右，完全够用这个曲面的用着两边凸起来中间凹进去，屏幕分辨率这块没什么影响也没感觉吹嘘的这么好，总体来说很不错，5999的价格，在众多品牌中有很大的竞争优势，，,5
90,给媳妇买的，新的888都发热，她又要大屏幕，也就是这个能满足条件了，用着也挺不错，屏幕非常nice,5
90,运行良好，暂无问题，性能稳定，外观好看，屏幕清晰，音效很好,5
90,挺好的,5
90,手机早就收到了，颜色很好看，高端大气，尤其是蓝牙耳机，简直美的不要不要滴！,5
90,去年给老婆买的10，很好用，自己买的20，希望能用久一点。,5
90,一直在观望，终于在年初入手了，很棒，使用好几天屏幕都不留指纹痕迹，1.8亿超高清100米远的文字数字都清洗可见，很奈斯。,5
90,手机已用一段时间，显示完美，手感舒适。系统成熟配合手表用起来非常方便，一直喜欢三星，忠诚铁杆粉丝。,5
90,手机不错，运行流畅，外观手感都很好！买了几天双11又便宜100哈哈！相机像素没有1亿的感觉，这个比较失望?其它都nice,5
90,非常好用，人性化设计，屏幕很清晰，画面质感很好，不过背面摄像头有点突出，建议配专用的手机壳。,5
90,对三星和三星note一直有很深的情结，听说这款有可能是三星绝版note，正好京东做活动，亳不犹豫入手换了已经用了几年的note8.屏幕大，速度快，喜欢！,5
91,配置很高，性能很强，运行流畅，而且超薄，支持光学变焦，还附带S-PEN,5
91,京东自营，品质保证。京东商城自营的商品质量很好，而且物美价廉。比实体店买的便宜很多。京东自营的物流也很快，次日达和当日达。,5
91,这款手机绝对是颜值担当，高端大气上档次，性能也很好，唯一缺点就是续航能力真不咋的,5
91,性价比很高，不愧是三星旗舰机，颜值担当，拿在手里很舒服，无论拍照还是工作生活使用，的十分的满意！,5
91,这款三星非长棒.使用几小时丝毫不会发热.电池亦是非常耐用。显示清晰.音质层次分明悦耳、非常之好！,5
91,买了用了一段时间，不愧机王，屏幕效果很棒，不玩游戏对处理器要求也不高，很适合普通用户。,5
91,国行，漂亮！屏幕超细腻，靓丽,5
91,从3G时**始就用三星手机了。从note2到s6到s7到note9，直到5g时代的这个，对三星的粘性越来越高，配套的手表、无线耳机、无线充电器全都是，配合起来天衣无缝。这个不仅屏幕大，功能强劲，而且真的很漂亮，刚拆包装时，客服小姐姐就对它的颜值赞叹有加。,5
91,讲真三星的超大杯在安卓机里算是比较香的了。手机的薄厚手感，还有5G网络，特别是续航比n10有很大的提升。,5
91,经过深思熟虑，选定了note20u，本人从事手机行业十余年，为什么现在以并不算低的价格入手这一款呢。相信选择的人都懂。\n火龙888之后。能发挥百分百性能的几乎没有。个别品牌，参数没输过，体验没赢过。我用了五年ios换回安卓，基本很好上手。oneui4.0已经更新了，还有很多功能等待发掘。\n选择这个，不后悔。日常使用。轻度游戏，再战两三年应该问题不大。\n最后我想说，颜值即正义。在今天，比它好看的手机我依然认为没有几个。,5
92,外形外观：漂亮很密实\n拍照效果：清晰度不是一般的好，惊艳\n屏幕音效：立体声小喇叭的感觉\n运行速度：飞一样的感觉,5
92,外形外观：时尚\n屏幕音效：屏幕效果超好。音质不错\n拍照效果：拍照大幅提升，提供各种拍照方式\n运行速度：目前运转速度很快\n待机时间：正常使用待机一天无问题\n其他特色：各种小功能很多，有待挖掘,5
92,昨天下单今天中午就收到了，开箱一看非常喜欢的款式，试用了一下，运行流畅，还比较满意，物流速度快，快递小哥服务态度很好。,5
92,做工极其精细，手感棒极了，旗舰机配置，再站两年也问题不大，足够用了，价格比实体店便宜多了，非常满意，五星好评,5
92,之前一直用苹果的11pro，实在受不了那个信号和网速了。稍作思考，果断换这台三星note20u。快递速度快，头晚下单第二天一大早就送到了，换机助手很好用，无缝衔接。感觉这台手机的拍照很强大啊，屏幕也应该是现在顶级手机的顶级标准了。非常值得推荐。,5
92,感觉非常好，清晰度非常好，拍照效果也非常棒！使用非常满意，活动价格也还可以，整体算是满意的！关注很久了，终于决定下手。,5
92,外形外观：非常不错。\n屏幕音效：三星屏幕，音质也很好\n拍照效果：这款手机照相效果非常棒??\n运行速度：新机都很快的\n待机时间：正在体验，感觉一般。毕竟屏幕那么大可以接受吧,5
92,手机是不错，这点是要肯定的。要说的就是京东的价格乱，保价也是个笑话。除了双十一当天可以适当消费，其他时间的优惠也就是忽悠。当然，不差钱的例外啊。,5
92,收到了，非常快速，京东自营不错啊！包装很好。外形巴适得板。屏幕艳丽极了，一次非常满意的购物体验卡，下次再来光厅临佝家。我很喜欢。,5
92,备件齐全，好吧,5
93,外形外观：外形硬朗，很商务\n屏幕音效：屏幕碾压国产机\n拍照效果：完胜苹果\n运行速度：满意\n待机时间：一般\n其他特色：s-pen超级强大，会议录音，工作编辑信息超级方便。,5
93,感觉真不错，屏幕质量，相机质量都挺好，spen也用着很方便！整体感觉很满意！,5
93,三星的这款手机手感舒适，6.7英寸显示屏提供宽阔视野，8k拍照非常清楚，运行流畅，比较满意。,5
93,快递真的快，中午下单，下午五点就送到手上了，手机使用三天后整体不错，很喜欢，手机里没有手机的图片，就拍个充电器吧,5
93,首发当天拿到手机，方正的造型很好看，运行软件的速度很快，没有卡顿，颜值在线，值得购买。,5
93,从s9+换过来的，挺好的，屏幕大了好多，很流畅，,5
93,挺好的，和想象中一样，随意搭都很好看，满意！不是重度使用，待机两天！,5
93,多年的三星粉，从以前人人诟病的三星卡，到现在的安卓第一梯队的流畅，三星不光拥有强大的工业设计能力，在这一两年的系统体验上也是下足了功夫，今年最好看的智能机！没有之一！,5
93,贵有贵的道理，产品做工非常精致，边角处理很利落，整体手感非常不错，以这样的价格买到实在是非常划算，手机好用，推荐大家入手，确实值得！,5
93,外形外观：大气\n屏幕音效：完美\n拍照效果：杠杠\n运行速度：飞快\n待机时间：上等\n其他特色：安卓机皇应该是，水桶机，没有短板。,5
94,发货速度也很快，价格比实体店便宜多了，使用效果还是非常不错的，系统挺流畅的，手感也很好，就是后置摄像头有些歪，还是比较喜欢三星这个品牌的,5
94,外形外观：惊艳\n屏幕音效：大美\n拍照效果：非常好\n运行速度：非常快\n待机时间：不怎么玩游戏，够用\n其他特色：金色大爱,5
94,是去年12月才刚生产的产品，非常新。\n送了手机壳，自带了贴膜，非常贴心了。\n手机的效果屏幕非常不错，原来用的note9，屏幕有质的提升。\n一直用note系列，质量还算稳定。,5
94,可以的，外形很漂亮，手感也好，一直用三星的，习惯使用了，感觉用起来很方便，有些设计很人性化,5
94,外形外观：简直就是工艺品\n屏幕音效：世界上最顶级的屏幕了\n拍照效果：我觉得仅次于华为\n运行速度：骁龙865＋够用了\n待机时间：我觉得没有说的那么差\n其他特色：很好用，苹果转过来，发现安卓已经今非昔比了，用了三星的屏幕发现其他屏幕都快瞎了真的,5
94,拍照效果：非常清晰\n屏幕音效：无敌，木的对手\n外形外观：正面无敌，背面略差\n其他特色：s pen基本完美了\n运行速度：非常流畅\n待机时间：够儿用儿,5
94,发货速度杠杠的，手机颜值没的说，目前用的比较流畅，电池续航一般，也好，让我从重度玩成轻度的了??????????????????????,5
94,收到宝贝了，用了几天才来评价，不愧是机皇，屏幕大特别的好，高端大气上档次，虽然价格贵了点，不过还是挺值得的，特别是那个笔用起来相当好用,5
94,手机收到了，比想象中的大一些，屏幕真是没话说，官方贴膜手感真是丝滑，眼睛都要怀孕了！,5
94,三星手机从做工、屏幕、功能设计上依然有很多国产手机值得学习的地方，尤其是S pen\n 有很多方便的功能，办公很方便,5
95,三星Galaxy Note20 Ultra 5G手机真的非常给力！虽然已经过了一年的机器，不是最新的芯片了，但拥有 S Pen三星笔记，120Hz 自适应高清屏幕，以及12GB+256GB存储，性能依旧是超级强悍的。这个时候买，性价比也特高！,5
95,很不错，处理器性能全面，不至于有缺陷，相机比10有提升，22年三月生产，性价比相当高,5
95,拍照效果：夜景功能还是无愧于&ldquo;夜视仪&rdquo;这个称号的\n运行速度：865+还是杠杠的\n屏幕音效：完美，我被隔壁的周冬雨屏劝退了,5
95,拍照效果杠杠的,5
95,屏幕效果没的说，三星的屏幕应该是非常好的。音效也好，随机附送了充电头（好多都已经没有了充电头，算是明显的缺斤短两），还有akg耳机，。就是随机的那个保护套有点容易沾染指纹。,5
95,这手机性价比太高了，比刚上市优惠了3000多，配置顶级，操作非常流程，屏幕绝绝子，手写笔书写也是特别流畅，外观也是没得说，总之非常喜欢这款三星手机。,5
95,非常满意的手机，又是S pen非常好用，耗电情况比预想的待机时间长,5
95,京东快递十一假期也很给力！\n\n手机的屏幕真好！送的蟹卡也很好！,5
95,非常好，完全超过预期，从s8到s10再到note20，感觉20设计好到了极致。手感非常好，而且整个手机一点都不重。唯一不足就是s pen至今没搞明白到底有个啥用。,5
95,不错，使用一天了，近乎完美！功能还在摸索中，物流很快！,5
96,外形外观：好看美观\n屏幕音效：一流三星\n拍照效果：市场现吋最好之一\n运行速度：好快好快,5
96,强大三星\n做工精细\n一流屏幕\n优秀工艺\n系统杠杠\n自带手笔\n笔控人生\n随自欲动,5
96,非常喜欢！三星yyds ！,5
96,手机收到了 真的好好 画质音频 还有玩游戏很流畅 拍照的像素也很好 感谢京东平台 让我用低于店面的价格买到这么好的手机。,5
96,上午下单，下午就到，京通快递真的超级快，手机曲线屏，屏幕真的很大，很清晰，手感很好。另外谢谢客服耐心解答,5
96,"第一次网购买手机,收货后确认没有异常.手机的屏幕和拍照都非常清晰,系统运行也很流畅,比较满意.此次特别印象深刻的是京东物流的国际配送速度非常快,要点个赞!其它,如果包装箱内再放入些缓冲材料就更完美了!",5
96,画质清楚，音质不错。照片拍下来那是相当相当相当的好。\n笔用起来也是感觉非常的不错,5
96,不得不说，三星的屏幕真的是天花板了，刷新率很高，反应速度快，触感细腻，产品力真的无敌，我是5499入手的，12?256，送给老爸的，就没拍照片。,5
96,双十一当天，随便领了劵减500，实付5490，给大家参考一下。我不是会员,5
96,从用了4年的note8过来，，s换机助手超棒，省掉了很多麻烦，连输入法的自创词组都有转移过来。目前用了一天，暂时没发现什么问题。,5
97,外形外观：非常满意，经典款式\n屏幕音效：音质不错，屏幕色彩稳定\n拍照效果：一贯稳定，对焦略有延迟\n运行速度：很不错，平时游戏玩的少,5
97,从苹果S，vivo，华为MATE系列，到现在的三星20手机拿在手里非常舒适，屏幕无可挑剔，功能真的非常强悍，是一款非常不错的手机，不足之处有一点微热，杜比全景声用耳机音质没有太多变化，不是考虑价钱还是值得入手的一部旗舰手机，超赞,5
97,从note4开始就一直用三星note手机了，感觉用得很好，这部note20u外观很喜欢，运行速度也快。,5
97,买给我爱人的，她一直都喜欢用安卓机，我喜欢水果机。原来打算入手华为的，但是身边的朋友跟我说一般，除了信号好，还有拍照可以之外，其他的一般。纠结了很久，还是下手了，觉得真的物超所值，旗舰机果然不是浪得虚名的，强烈推荐！再说回来，期望不喜的人勿喷，买个东西不要随便的扯上爱国主义，爱不爱国，不需要挂在嘴上说的，而是要用在实在的地方！,5
97,用了几天才评价。\n我是Galaxu Note手机的绝对拥趸！\n不愧是安卓机皇，外观高端大气，运行极其流畅，色彩丰富饱满，功能全面强大。等了一年多才买的，便宜了3400元呢。买值了，买了新机迎新年！开心啊！真开心啊！！不是专业人士，不知道该怎么夸赞了，总之一个字：好！！！,5
97,又用了几天来追评。\n三星note 20 Uitra的屏幕色彩实在是太漂亮了，不愧是机皇，这个第七代大猩猩屏幕真的不是吹的，不怕不识货，就怕货比货，与五六种品牌的手机比较过了，包括果子，同一张照片，在三星note 20 Uitra 上的显示就是漂亮，浓郁而不腻，靓丽而不俗，柔和而不苍白，鲜艳而不刺目，真的是吊打其它品牌！这款手机买值了！马上过年了，真开心！真的很开心！！欢欢喜喜过大年了！！！,5
97,非常喜欢的，每天玩都不懂得的。太多惊喜在这里啦。,5
97,评价还剩5天了，还是来作个评价，从使用以来一直都好，没有出现问题好用，最满意的是手机，世面上没有哪款手机有这款手机漂亮，一看就知道是高端手机，高端大气上档次！！！很满意！！！,5
97,三星手机NOte20手机，6.9英寸，256G，试用了2天，手感很好，屏幕大，屏幕分辨率很高，收到货经验收。正宗品牌，三星手机老用户，已用了几部都很好，感谢京东自营店，感谢快递小哥辛苦了！,5
97,跟实体店没有区别，还便宜，喜欢！这个是真的好，材料和做工都特别精致，做工真的非常棒，我觉着我可以推荐给我朋友买东西很满意哦，美观时尚大气，客服超级有耐心，服务细致贴心，大品牌就是不一样质量非常好，非常满意的一次购物。客服有问必答，非常专业,5
98,外形外观：太漂亮了，手感好太牛了，买了不后悔，像素好，安卓第一,5
98,手机反应速度很快，分辨率很清晰，拍照近距离十分清楚，笔触的感觉像在白纸上写字，超级好用,5
98,外形外观：是自己喜欢的机型\n屏幕音效：色彩看着很舒服\n拍照效果：一般,5
98,才买几天，这两天比较忙一看降了几百，京东让人不踏实啊,5
98,Note系列笔就是灵魂，太巴适了，拍照也很不错，办公很方便，屏幕显示很惊艳细腻，做为Note系列最后一款，值得推荐,5
98,用了一段时间了，没有任何问题，非常满意！作为一个老三星用户，这款机器可以满足我所有的需求，值得推荐。,5
98,好多年没用三星了，纠结了好久，买了这款，起初觉得拿在手里好大，现在越用越顺手了，有些功能还在摸索中，总之挺不错的。,5
98,手机很棒，本来在纠结要不要买10+纠结了好久，买了黑色的，手感外观无敌，手写笔记对工作很实用，除了掉电稍快，其他完美。,5
98,手机非常好用，屏幕清晰度极高，使用发热低，充电还算可以不发热，总体非常满意！,5
98,带一支笔 一买回来就被当作老年机 拿出去也说是老年机 适合我这种老年人用 写字很方便,5
99,昨天下午下单的，今天就拿到了，京东物流速度杠杠的，验好货，慢慢研究。,5
99,喜欢三星的不随波逐流独特的设计，买Note10+选择的是独树一帜的中置打孔和优秀的观感。\n今年的Note20Ultra更上一层楼，AG磨砂质感更强，摄像头模组大，凸出，是个槽点，不过不可否认它的质感确实好。\n120HZ刷新率我认为三星优化的算是今年高刷机器里面第一梯队，并且属于顶尖水平，自适应刷新率没有掉帧带来的体验割裂感，从头到尾顺滑。而且120HZ适配的软件非常多，真正做到了高刷该有的体验。总之很喜欢这部机器，精致且高级。,5
99,外形外观：完美\n屏幕音效：高质量\n拍照效果：yyds\n运行速度：高速,5
99,外形外观：边框设计非常精致，拿在手里很有质感，边框非常窄。\n屏幕音效：三星的屏幕一直处于行业顶尖水平，色彩艳丽，画面非常细致。\n拍照效果：感觉就像是亲眼看见一样，超高的像素和解析堪称完美。\n运行速度：原生的安卓系统很干净，运行速度非常快。\n待机时间：刚拿到手，因为一直养成一天一充的习惯，没测试最大待机时间，反正高度使用一整天是没有任何问题的。,5
99,外形外观：外观经典，方正的商务外观，辨识度非常好\n屏幕音效：音效好，双喇叭环绕声，看片听歌连我的JBL音箱都不用接了\n拍照效果：拍照效果杠杠滴，超广角很赞，长焦切换也方便，录视频也能用超广角\n运行速度：顶级配置，速度就不用说了\n待机时间：能满足我一天的使用需求,5
99,虽然是网上买的，一开始还是挺担心，但用了一段时间后，还是感觉很不错的。手机也很大气。,5
99,手机的外观很好看，运行速度快，拍照的效果好，其它方面待使用中观察！,5
99,要说手机好看，还得数三星手机，电量开启省电模式，也耐用很多了，手机也很轻巧,5
99,使用下来总体好评。屏幕显示一流，运行速度快，三星系统可玩性高，拍照很棒，手感好，轻薄，好评。,5
99,第一年工作 用攒的工资买给老父亲的新年礼物 家人很开心 整体挺好的 使用很舒适 外观也好看 满意满意,5
